feature_name,role,data_type,unit_or_encoding,definition,missing_value_handling,source_category,used_by_saved_model,selected_4mer,model_input_position
plasmid_accession,identifier,string,not applicable,Public plasmid accession identifier.,not imputed,database metadata,False,False,
plasmid_length,basic biological,integer,bp,Total plasmid sequence length.,zero only if absent; none observed,sequence,True,False,1
gc_content,basic biological,continuous,proportion,Fraction of G and C nucleotides in the plasmid sequence.,zero only if absent; none observed,sequence,True,False,2
orf_count,basic biological,integer,count,Number of annotated coding sequences/open reading frames.,0 denotes no usable CDS annotation,CDS annotation,True,False,3
has_oriT,basic biological,binary,0/1,Presence of an oriT annotation; 1 when oriT_type(s) is non-empty.,0 if not detected,MOB-suite,True,False,4
has_relaxase,basic biological,binary,0/1,Presence of a relaxase annotation.,0 if not detected,MOB-suite,True,False,5
has_MPF,basic biological,binary,0/1,Presence of a mating-pair formation system; 1 when mpf_type is non-empty.,0 if not detected,MOB-suite,True,False,6
total_arg_count,basic biological,integer,count,Total number of antimicrobial-resistance gene hits.,0 if none detected,AMR annotation,True,False,7
has_carbapenemase,basic biological,binary,0/1,At least one carbapenemase gene detected.,0 if none detected,AMR annotation,True,False,8
has_ESBL,basic biological,binary,0/1,At least one extended-spectrum beta-lactamase gene detected.,0 if none detected,AMR annotation,True,False,9
coding_density,basic biological,continuous,proportion,Proportion of plasmid length covered by annotated coding sequence.,4 training records lacking usable CDS annotation are filled with 0 at model input,CDS annotation,True,False,10
IS_count,basic biological,integer,count,Number of insertion-sequence annotations.,0 if none detected,IS annotation,True,False,11
ARG_class_count,basic biological,integer,count,Number of distinct antimicrobial-resistance gene classes.,0 if none detected,AMR annotation,True,False,12
ARG_density,basic biological,continuous,genes per kb,Total ARG count divided by plasmid length in kilobases.,0 if no ARG detected,derived from AMR count and length,True,False,13
AAAA,4-mer,continuous,relative frequency,Normalized relative frequency of the 4-mer AAAA in the plasmid sequence.,0 only if absent after feature preparation,sequence-derived k-mer composition,False,False,
AAAC,4-mer,continuous,relative frequency,Normalized relative frequency of the 4-mer AAAC in the plasmid sequence.,0 only if absent after feature preparation,sequence-derived k-mer composition,False,False,
AAAG,4-mer,continuous,relative frequency,Normalized relative frequency of the 4-mer AAAG in the plasmid sequence.,0 only if absent after feature preparation,sequence-derived k-mer composition,False,False,
AAAT,4-mer,continuous,relative frequency,Normalized relative frequency of the 4-mer AAAT in the plasmid sequence.,0 only if absent after feature preparation,sequence-derived k-mer composition,False,False,
AACA,4-mer,continuous,relative frequency,Normalized relative frequency of the 4-mer AACA in the plasmid sequence.,0 only if absent after feature preparation,sequence-derived k-mer composition,False,False,
AACC,4-mer,continuous,relative frequency,Normalized relative frequency of the 4-mer AACC in the plasmid sequence.,0 only if absent after feature preparation,sequence-derived k-mer composition,False,False,
AACG,4-mer,continuous,relative frequency,Normalized relative frequency of the 4-mer AACG in the plasmid sequence.,0 only if absent after feature preparation,sequence-derived k-mer composition,False,False,
AACT,4-mer,continuous,relative frequency,Normalized relative frequency of the 4-mer AACT in the plasmid sequence.,0 only if absent after feature preparation,sequence-derived k-mer composition,False,False,
AAGA,4-mer,continuous,relative frequency,Normalized relative frequency of the 4-mer AAGA in the plasmid sequence.,0 only if absent after feature preparation,sequence-derived k-mer composition,True,True,44
AAGC,4-mer,continuous,relative frequency,Normalized relative frequency of the 4-mer AAGC in the plasmid sequence.,0 only if absent after feature preparation,sequence-derived k-mer composition,False,False,
AAGG,4-mer,continuous,relative frequency,Normalized relative frequency of the 4-mer AAGG in the plasmid sequence.,0 only if absent after feature preparation,sequence-derived k-mer composition,False,False,
AAGT,4-mer,continuous,relative frequency,Normalized relative frequency of the 4-mer AAGT in the plasmid sequence.,0 only if absent after feature preparation,sequence-derived k-mer composition,False,False,
AATA,4-mer,continuous,relative frequency,Normalized relative frequency of the 4-mer AATA in the plasmid sequence.,0 only if absent after feature preparation,sequence-derived k-mer composition,False,False,
AATC,4-mer,continuous,relative frequency,Normalized relative frequency of the 4-mer AATC in the plasmid sequence.,0 only if absent after feature preparation,sequence-derived k-mer composition,False,False,
AATG,4-mer,continuous,relative frequency,Normalized relative frequency of the 4-mer AATG in the plasmid sequence.,0 only if absent after feature preparation,sequence-derived k-mer composition,False,False,
AATT,4-mer,continuous,relative frequency,Normalized relative frequency of the 4-mer AATT in the plasmid sequence.,0 only if absent after feature preparation,sequence-derived k-mer composition,True,True,41
ACAA,4-mer,continuous,relative frequency,Normalized relative frequency of the 4-mer ACAA in the plasmid sequence.,0 only if absent after feature preparation,sequence-derived k-mer composition,False,False,
ACAC,4-mer,continuous,relative frequency,Normalized relative frequency of the 4-mer ACAC in the plasmid sequence.,0 only if absent after feature preparation,sequence-derived k-mer composition,False,False,
ACAG,4-mer,continuous,relative frequency,Normalized relative frequency of the 4-mer ACAG in the plasmid sequence.,0 only if absent after feature preparation,sequence-derived k-mer composition,False,False,
ACAT,4-mer,continuous,relative frequency,Normalized relative frequency of the 4-mer ACAT in the plasmid sequence.,0 only if absent after feature preparation,sequence-derived k-mer composition,False,False,
ACCA,4-mer,continuous,relative frequency,Normalized relative frequency of the 4-mer ACCA in the plasmid sequence.,0 only if absent after feature preparation,sequence-derived k-mer composition,False,False,
ACCC,4-mer,continuous,relative frequency,Normalized relative frequency of the 4-mer ACCC in the plasmid sequence.,0 only if absent after feature preparation,sequence-derived k-mer composition,False,False,
ACCG,4-mer,continuous,relative frequency,Normalized relative frequency of the 4-mer ACCG in the plasmid sequence.,0 only if absent after feature preparation,sequence-derived k-mer composition,False,False,
ACCT,4-mer,continuous,relative frequency,Normalized relative frequency of the 4-mer ACCT in the plasmid sequence.,0 only if absent after feature preparation,sequence-derived k-mer composition,False,False,
ACGA,4-mer,continuous,relative frequency,Normalized relative frequency of the 4-mer ACGA in the plasmid sequence.,0 only if absent after feature preparation,sequence-derived k-mer composition,False,False,
ACGC,4-mer,continuous,relative frequency,Normalized relative frequency of the 4-mer ACGC in the plasmid sequence.,0 only if absent after feature preparation,sequence-derived k-mer composition,False,False,
ACGG,4-mer,continuous,relative frequency,Normalized relative frequency of the 4-mer ACGG in the plasmid sequence.,0 only if absent after feature preparation,sequence-derived k-mer composition,False,False,
ACGT,4-mer,continuous,relative frequency,Normalized relative frequency of the 4-mer ACGT in the plasmid sequence.,0 only if absent after feature preparation,sequence-derived k-mer composition,True,True,21
ACTA,4-mer,continuous,relative frequency,Normalized relative frequency of the 4-mer ACTA in the plasmid sequence.,0 only if absent after feature preparation,sequence-derived k-mer composition,False,False,
ACTC,4-mer,continuous,relative frequency,Normalized relative frequency of the 4-mer ACTC in the plasmid sequence.,0 only if absent after feature preparation,sequence-derived k-mer composition,False,False,
ACTG,4-mer,continuous,relative frequency,Normalized relative frequency of the 4-mer ACTG in the plasmid sequence.,0 only if absent after feature preparation,sequence-derived k-mer composition,False,False,
ACTT,4-mer,continuous,relative frequency,Normalized relative frequency of the 4-mer ACTT in the plasmid sequence.,0 only if absent after feature preparation,sequence-derived k-mer composition,False,False,
AGAA,4-mer,continuous,relative frequency,Normalized relative frequency of the 4-mer AGAA in the plasmid sequence.,0 only if absent after feature preparation,sequence-derived k-mer composition,False,False,
AGAC,4-mer,continuous,relative frequency,Normalized relative frequency of the 4-mer AGAC in the plasmid sequence.,0 only if absent after feature preparation,sequence-derived k-mer composition,False,False,
AGAG,4-mer,continuous,relative frequency,Normalized relative frequency of the 4-mer AGAG in the plasmid sequence.,0 only if absent after feature preparation,sequence-derived k-mer composition,False,False,
AGAT,4-mer,continuous,relative frequency,Normalized relative frequency of the 4-mer AGAT in the plasmid sequence.,0 only if absent after feature preparation,sequence-derived k-mer composition,False,False,
AGCA,4-mer,continuous,relative frequency,Normalized relative frequency of the 4-mer AGCA in the plasmid sequence.,0 only if absent after feature preparation,sequence-derived k-mer composition,False,False,
AGCC,4-mer,continuous,relative frequency,Normalized relative frequency of the 4-mer AGCC in the plasmid sequence.,0 only if absent after feature preparation,sequence-derived k-mer composition,False,False,
AGCG,4-mer,continuous,relative frequency,Normalized relative frequency of the 4-mer AGCG in the plasmid sequence.,0 only if absent after feature preparation,sequence-derived k-mer composition,False,False,
AGCT,4-mer,continuous,relative frequency,Normalized relative frequency of the 4-mer AGCT in the plasmid sequence.,0 only if absent after feature preparation,sequence-derived k-mer composition,False,False,
AGGA,4-mer,continuous,relative frequency,Normalized relative frequency of the 4-mer AGGA in the plasmid sequence.,0 only if absent after feature preparation,sequence-derived k-mer composition,False,False,
AGGC,4-mer,continuous,relative frequency,Normalized relative frequency of the 4-mer AGGC in the plasmid sequence.,0 only if absent after feature preparation,sequence-derived k-mer composition,False,False,
AGGG,4-mer,continuous,relative frequency,Normalized relative frequency of the 4-mer AGGG in the plasmid sequence.,0 only if absent after feature preparation,sequence-derived k-mer composition,False,False,
AGGT,4-mer,continuous,relative frequency,Normalized relative frequency of the 4-mer AGGT in the plasmid sequence.,0 only if absent after feature preparation,sequence-derived k-mer composition,False,False,
AGTA,4-mer,continuous,relative frequency,Normalized relative frequency of the 4-mer AGTA in the plasmid sequence.,0 only if absent after feature preparation,sequence-derived k-mer composition,False,False,
AGTC,4-mer,continuous,relative frequency,Normalized relative frequency of the 4-mer AGTC in the plasmid sequence.,0 only if absent after feature preparation,sequence-derived k-mer composition,False,False,
AGTG,4-mer,continuous,relative frequency,Normalized relative frequency of the 4-mer AGTG in the plasmid sequence.,0 only if absent after feature preparation,sequence-derived k-mer composition,False,False,
AGTT,4-mer,continuous,relative frequency,Normalized relative frequency of the 4-mer AGTT in the plasmid sequence.,0 only if absent after feature preparation,sequence-derived k-mer composition,False,False,
ATAA,4-mer,continuous,relative frequency,Normalized relative frequency of the 4-mer ATAA in the plasmid sequence.,0 only if absent after feature preparation,sequence-derived k-mer composition,True,True,39
ATAC,4-mer,continuous,relative frequency,Normalized relative frequency of the 4-mer ATAC in the plasmid sequence.,0 only if absent after feature preparation,sequence-derived k-mer composition,False,False,
ATAG,4-mer,continuous,relative frequency,Normalized relative frequency of the 4-mer ATAG in the plasmid sequence.,0 only if absent after feature preparation,sequence-derived k-mer composition,False,False,
ATAT,4-mer,continuous,relative frequency,Normalized relative frequency of the 4-mer ATAT in the plasmid sequence.,0 only if absent after feature preparation,sequence-derived k-mer composition,True,True,40
ATCA,4-mer,continuous,relative frequency,Normalized relative frequency of the 4-mer ATCA in the plasmid sequence.,0 only if absent after feature preparation,sequence-derived k-mer composition,False,False,
ATCC,4-mer,continuous,relative frequency,Normalized relative frequency of the 4-mer ATCC in the plasmid sequence.,0 only if absent after feature preparation,sequence-derived k-mer composition,False,False,
ATCG,4-mer,continuous,relative frequency,Normalized relative frequency of the 4-mer ATCG in the plasmid sequence.,0 only if absent after feature preparation,sequence-derived k-mer composition,False,False,
ATCT,4-mer,continuous,relative frequency,Normalized relative frequency of the 4-mer ATCT in the plasmid sequence.,0 only if absent after feature preparation,sequence-derived k-mer composition,False,False,
ATGA,4-mer,continuous,relative frequency,Normalized relative frequency of the 4-mer ATGA in the plasmid sequence.,0 only if absent after feature preparation,sequence-derived k-mer composition,False,False,
ATGC,4-mer,continuous,relative frequency,Normalized relative frequency of the 4-mer ATGC in the plasmid sequence.,0 only if absent after feature preparation,sequence-derived k-mer composition,False,False,
ATGG,4-mer,continuous,relative frequency,Normalized relative frequency of the 4-mer ATGG in the plasmid sequence.,0 only if absent after feature preparation,sequence-derived k-mer composition,False,False,
ATGT,4-mer,continuous,relative frequency,Normalized relative frequency of the 4-mer ATGT in the plasmid sequence.,0 only if absent after feature preparation,sequence-derived k-mer composition,False,False,
ATTA,4-mer,continuous,relative frequency,Normalized relative frequency of the 4-mer ATTA in the plasmid sequence.,0 only if absent after feature preparation,sequence-derived k-mer composition,True,True,19
ATTC,4-mer,continuous,relative frequency,Normalized relative frequency of the 4-mer ATTC in the plasmid sequence.,0 only if absent after feature preparation,sequence-derived k-mer composition,True,True,17
ATTG,4-mer,continuous,relative frequency,Normalized relative frequency of the 4-mer ATTG in the plasmid sequence.,0 only if absent after feature preparation,sequence-derived k-mer composition,False,False,
ATTT,4-mer,continuous,relative frequency,Normalized relative frequency of the 4-mer ATTT in the plasmid sequence.,0 only if absent after feature preparation,sequence-derived k-mer composition,False,False,
CAAA,4-mer,continuous,relative frequency,Normalized relative frequency of the 4-mer CAAA in the plasmid sequence.,0 only if absent after feature preparation,sequence-derived k-mer composition,False,False,
CAAC,4-mer,continuous,relative frequency,Normalized relative frequency of the 4-mer CAAC in the plasmid sequence.,0 only if absent after feature preparation,sequence-derived k-mer composition,False,False,
CAAG,4-mer,continuous,relative frequency,Normalized relative frequency of the 4-mer CAAG in the plasmid sequence.,0 only if absent after feature preparation,sequence-derived k-mer composition,False,False,
CAAT,4-mer,continuous,relative frequency,Normalized relative frequency of the 4-mer CAAT in the plasmid sequence.,0 only if absent after feature preparation,sequence-derived k-mer composition,True,True,24
CACA,4-mer,continuous,relative frequency,Normalized relative frequency of the 4-mer CACA in the plasmid sequence.,0 only if absent after feature preparation,sequence-derived k-mer composition,False,False,
CACC,4-mer,continuous,relative frequency,Normalized relative frequency of the 4-mer CACC in the plasmid sequence.,0 only if absent after feature preparation,sequence-derived k-mer composition,False,False,
CACG,4-mer,continuous,relative frequency,Normalized relative frequency of the 4-mer CACG in the plasmid sequence.,0 only if absent after feature preparation,sequence-derived k-mer composition,False,False,
CACT,4-mer,continuous,relative frequency,Normalized relative frequency of the 4-mer CACT in the plasmid sequence.,0 only if absent after feature preparation,sequence-derived k-mer composition,False,False,
CAGA,4-mer,continuous,relative frequency,Normalized relative frequency of the 4-mer CAGA in the plasmid sequence.,0 only if absent after feature preparation,sequence-derived k-mer composition,False,False,
CAGC,4-mer,continuous,relative frequency,Normalized relative frequency of the 4-mer CAGC in the plasmid sequence.,0 only if absent after feature preparation,sequence-derived k-mer composition,False,False,
CAGG,4-mer,continuous,relative frequency,Normalized relative frequency of the 4-mer CAGG in the plasmid sequence.,0 only if absent after feature preparation,sequence-derived k-mer composition,False,False,
CAGT,4-mer,continuous,relative frequency,Normalized relative frequency of the 4-mer CAGT in the plasmid sequence.,0 only if absent after feature preparation,sequence-derived k-mer composition,False,False,
CATA,4-mer,continuous,relative frequency,Normalized relative frequency of the 4-mer CATA in the plasmid sequence.,0 only if absent after feature preparation,sequence-derived k-mer composition,False,False,
CATC,4-mer,continuous,relative frequency,Normalized relative frequency of the 4-mer CATC in the plasmid sequence.,0 only if absent after feature preparation,sequence-derived k-mer composition,False,False,
CATG,4-mer,continuous,relative frequency,Normalized relative frequency of the 4-mer CATG in the plasmid sequence.,0 only if absent after feature preparation,sequence-derived k-mer composition,False,False,
CATT,4-mer,continuous,relative frequency,Normalized relative frequency of the 4-mer CATT in the plasmid sequence.,0 only if absent after feature preparation,sequence-derived k-mer composition,False,False,
CCAA,4-mer,continuous,relative frequency,Normalized relative frequency of the 4-mer CCAA in the plasmid sequence.,0 only if absent after feature preparation,sequence-derived k-mer composition,False,False,
CCAC,4-mer,continuous,relative frequency,Normalized relative frequency of the 4-mer CCAC in the plasmid sequence.,0 only if absent after feature preparation,sequence-derived k-mer composition,False,False,
CCAG,4-mer,continuous,relative frequency,Normalized relative frequency of the 4-mer CCAG in the plasmid sequence.,0 only if absent after feature preparation,sequence-derived k-mer composition,False,False,
CCAT,4-mer,continuous,relative frequency,Normalized relative frequency of the 4-mer CCAT in the plasmid sequence.,0 only if absent after feature preparation,sequence-derived k-mer composition,False,False,
CCCA,4-mer,continuous,relative frequency,Normalized relative frequency of the 4-mer CCCA in the plasmid sequence.,0 only if absent after feature preparation,sequence-derived k-mer composition,False,False,
CCCC,4-mer,continuous,relative frequency,Normalized relative frequency of the 4-mer CCCC in the plasmid sequence.,0 only if absent after feature preparation,sequence-derived k-mer composition,True,True,28
CCCG,4-mer,continuous,relative frequency,Normalized relative frequency of the 4-mer CCCG in the plasmid sequence.,0 only if absent after feature preparation,sequence-derived k-mer composition,False,False,
CCCT,4-mer,continuous,relative frequency,Normalized relative frequency of the 4-mer CCCT in the plasmid sequence.,0 only if absent after feature preparation,sequence-derived k-mer composition,False,False,
CCGA,4-mer,continuous,relative frequency,Normalized relative frequency of the 4-mer CCGA in the plasmid sequence.,0 only if absent after feature preparation,sequence-derived k-mer composition,False,False,
CCGC,4-mer,continuous,relative frequency,Normalized relative frequency of the 4-mer CCGC in the plasmid sequence.,0 only if absent after feature preparation,sequence-derived k-mer composition,False,False,
CCGG,4-mer,continuous,relative frequency,Normalized relative frequency of the 4-mer CCGG in the plasmid sequence.,0 only if absent after feature preparation,sequence-derived k-mer composition,True,True,31
CCGT,4-mer,continuous,relative frequency,Normalized relative frequency of the 4-mer CCGT in the plasmid sequence.,0 only if absent after feature preparation,sequence-derived k-mer composition,False,False,
CCTA,4-mer,continuous,relative frequency,Normalized relative frequency of the 4-mer CCTA in the plasmid sequence.,0 only if absent after feature preparation,sequence-derived k-mer composition,False,False,
CCTC,4-mer,continuous,relative frequency,Normalized relative frequency of the 4-mer CCTC in the plasmid sequence.,0 only if absent after feature preparation,sequence-derived k-mer composition,False,False,
CCTG,4-mer,continuous,relative frequency,Normalized relative frequency of the 4-mer CCTG in the plasmid sequence.,0 only if absent after feature preparation,sequence-derived k-mer composition,True,True,27
CCTT,4-mer,continuous,relative frequency,Normalized relative frequency of the 4-mer CCTT in the plasmid sequence.,0 only if absent after feature preparation,sequence-derived k-mer composition,False,False,
CGAA,4-mer,continuous,relative frequency,Normalized relative frequency of the 4-mer CGAA in the plasmid sequence.,0 only if absent after feature preparation,sequence-derived k-mer composition,False,False,
CGAC,4-mer,continuous,relative frequency,Normalized relative frequency of the 4-mer CGAC in the plasmid sequence.,0 only if absent after feature preparation,sequence-derived k-mer composition,False,False,
CGAG,4-mer,continuous,relative frequency,Normalized relative frequency of the 4-mer CGAG in the plasmid sequence.,0 only if absent after feature preparation,sequence-derived k-mer composition,False,False,
CGAT,4-mer,continuous,relative frequency,Normalized relative frequency of the 4-mer CGAT in the plasmid sequence.,0 only if absent after feature preparation,sequence-derived k-mer composition,False,False,
CGCA,4-mer,continuous,relative frequency,Normalized relative frequency of the 4-mer CGCA in the plasmid sequence.,0 only if absent after feature preparation,sequence-derived k-mer composition,False,False,
CGCC,4-mer,continuous,relative frequency,Normalized relative frequency of the 4-mer CGCC in the plasmid sequence.,0 only if absent after feature preparation,sequence-derived k-mer composition,False,False,
CGCG,4-mer,continuous,relative frequency,Normalized relative frequency of the 4-mer CGCG in the plasmid sequence.,0 only if absent after feature preparation,sequence-derived k-mer composition,True,True,29
CGCT,4-mer,continuous,relative frequency,Normalized relative frequency of the 4-mer CGCT in the plasmid sequence.,0 only if absent after feature preparation,sequence-derived k-mer composition,False,False,
CGGA,4-mer,continuous,relative frequency,Normalized relative frequency of the 4-mer CGGA in the plasmid sequence.,0 only if absent after feature preparation,sequence-derived k-mer composition,False,False,
CGGC,4-mer,continuous,relative frequency,Normalized relative frequency of the 4-mer CGGC in the plasmid sequence.,0 only if absent after feature preparation,sequence-derived k-mer composition,False,False,
CGGG,4-mer,continuous,relative frequency,Normalized relative frequency of the 4-mer CGGG in the plasmid sequence.,0 only if absent after feature preparation,sequence-derived k-mer composition,False,False,
CGGT,4-mer,continuous,relative frequency,Normalized relative frequency of the 4-mer CGGT in the plasmid sequence.,0 only if absent after feature preparation,sequence-derived k-mer composition,False,False,
CGTA,4-mer,continuous,relative frequency,Normalized relative frequency of the 4-mer CGTA in the plasmid sequence.,0 only if absent after feature preparation,sequence-derived k-mer composition,False,False,
CGTC,4-mer,continuous,relative frequency,Normalized relative frequency of the 4-mer CGTC in the plasmid sequence.,0 only if absent after feature preparation,sequence-derived k-mer composition,False,False,
CGTG,4-mer,continuous,relative frequency,Normalized relative frequency of the 4-mer CGTG in the plasmid sequence.,0 only if absent after feature preparation,sequence-derived k-mer composition,False,False,
CGTT,4-mer,continuous,relative frequency,Normalized relative frequency of the 4-mer CGTT in the plasmid sequence.,0 only if absent after feature preparation,sequence-derived k-mer composition,False,False,
CTAA,4-mer,continuous,relative frequency,Normalized relative frequency of the 4-mer CTAA in the plasmid sequence.,0 only if absent after feature preparation,sequence-derived k-mer composition,False,False,
CTAC,4-mer,continuous,relative frequency,Normalized relative frequency of the 4-mer CTAC in the plasmid sequence.,0 only if absent after feature preparation,sequence-derived k-mer composition,True,True,25
CTAG,4-mer,continuous,relative frequency,Normalized relative frequency of the 4-mer CTAG in the plasmid sequence.,0 only if absent after feature preparation,sequence-derived k-mer composition,True,True,22
CTAT,4-mer,continuous,relative frequency,Normalized relative frequency of the 4-mer CTAT in the plasmid sequence.,0 only if absent after feature preparation,sequence-derived k-mer composition,False,False,
CTCA,4-mer,continuous,relative frequency,Normalized relative frequency of the 4-mer CTCA in the plasmid sequence.,0 only if absent after feature preparation,sequence-derived k-mer composition,False,False,
CTCC,4-mer,continuous,relative frequency,Normalized relative frequency of the 4-mer CTCC in the plasmid sequence.,0 only if absent after feature preparation,sequence-derived k-mer composition,False,False,
CTCG,4-mer,continuous,relative frequency,Normalized relative frequency of the 4-mer CTCG in the plasmid sequence.,0 only if absent after feature preparation,sequence-derived k-mer composition,False,False,
CTCT,4-mer,continuous,relative frequency,Normalized relative frequency of the 4-mer CTCT in the plasmid sequence.,0 only if absent after feature preparation,sequence-derived k-mer composition,False,False,
CTGA,4-mer,continuous,relative frequency,Normalized relative frequency of the 4-mer CTGA in the plasmid sequence.,0 only if absent after feature preparation,sequence-derived k-mer composition,False,False,
CTGC,4-mer,continuous,relative frequency,Normalized relative frequency of the 4-mer CTGC in the plasmid sequence.,0 only if absent after feature preparation,sequence-derived k-mer composition,False,False,
CTGG,4-mer,continuous,relative frequency,Normalized relative frequency of the 4-mer CTGG in the plasmid sequence.,0 only if absent after feature preparation,sequence-derived k-mer composition,False,False,
CTGT,4-mer,continuous,relative frequency,Normalized relative frequency of the 4-mer CTGT in the plasmid sequence.,0 only if absent after feature preparation,sequence-derived k-mer composition,True,True,32
CTTA,4-mer,continuous,relative frequency,Normalized relative frequency of the 4-mer CTTA in the plasmid sequence.,0 only if absent after feature preparation,sequence-derived k-mer composition,False,False,
CTTC,4-mer,continuous,relative frequency,Normalized relative frequency of the 4-mer CTTC in the plasmid sequence.,0 only if absent after feature preparation,sequence-derived k-mer composition,False,False,
CTTG,4-mer,continuous,relative frequency,Normalized relative frequency of the 4-mer CTTG in the plasmid sequence.,0 only if absent after feature preparation,sequence-derived k-mer composition,False,False,
CTTT,4-mer,continuous,relative frequency,Normalized relative frequency of the 4-mer CTTT in the plasmid sequence.,0 only if absent after feature preparation,sequence-derived k-mer composition,False,False,
GAAA,4-mer,continuous,relative frequency,Normalized relative frequency of the 4-mer GAAA in the plasmid sequence.,0 only if absent after feature preparation,sequence-derived k-mer composition,False,False,
GAAC,4-mer,continuous,relative frequency,Normalized relative frequency of the 4-mer GAAC in the plasmid sequence.,0 only if absent after feature preparation,sequence-derived k-mer composition,False,False,
GAAG,4-mer,continuous,relative frequency,Normalized relative frequency of the 4-mer GAAG in the plasmid sequence.,0 only if absent after feature preparation,sequence-derived k-mer composition,True,True,23
GAAT,4-mer,continuous,relative frequency,Normalized relative frequency of the 4-mer GAAT in the plasmid sequence.,0 only if absent after feature preparation,sequence-derived k-mer composition,True,True,20
GACA,4-mer,continuous,relative frequency,Normalized relative frequency of the 4-mer GACA in the plasmid sequence.,0 only if absent after feature preparation,sequence-derived k-mer composition,False,False,
GACC,4-mer,continuous,relative frequency,Normalized relative frequency of the 4-mer GACC in the plasmid sequence.,0 only if absent after feature preparation,sequence-derived k-mer composition,False,False,
GACG,4-mer,continuous,relative frequency,Normalized relative frequency of the 4-mer GACG in the plasmid sequence.,0 only if absent after feature preparation,sequence-derived k-mer composition,False,False,
GACT,4-mer,continuous,relative frequency,Normalized relative frequency of the 4-mer GACT in the plasmid sequence.,0 only if absent after feature preparation,sequence-derived k-mer composition,False,False,
GAGA,4-mer,continuous,relative frequency,Normalized relative frequency of the 4-mer GAGA in the plasmid sequence.,0 only if absent after feature preparation,sequence-derived k-mer composition,False,False,
GAGC,4-mer,continuous,relative frequency,Normalized relative frequency of the 4-mer GAGC in the plasmid sequence.,0 only if absent after feature preparation,sequence-derived k-mer composition,False,False,
GAGG,4-mer,continuous,relative frequency,Normalized relative frequency of the 4-mer GAGG in the plasmid sequence.,0 only if absent after feature preparation,sequence-derived k-mer composition,False,False,
GAGT,4-mer,continuous,relative frequency,Normalized relative frequency of the 4-mer GAGT in the plasmid sequence.,0 only if absent after feature preparation,sequence-derived k-mer composition,False,False,
GATA,4-mer,continuous,relative frequency,Normalized relative frequency of the 4-mer GATA in the plasmid sequence.,0 only if absent after feature preparation,sequence-derived k-mer composition,True,True,35
GATC,4-mer,continuous,relative frequency,Normalized relative frequency of the 4-mer GATC in the plasmid sequence.,0 only if absent after feature preparation,sequence-derived k-mer composition,True,True,33
GATG,4-mer,continuous,relative frequency,Normalized relative frequency of the 4-mer GATG in the plasmid sequence.,0 only if absent after feature preparation,sequence-derived k-mer composition,False,False,
GATT,4-mer,continuous,relative frequency,Normalized relative frequency of the 4-mer GATT in the plasmid sequence.,0 only if absent after feature preparation,sequence-derived k-mer composition,False,False,
GCAA,4-mer,continuous,relative frequency,Normalized relative frequency of the 4-mer GCAA in the plasmid sequence.,0 only if absent after feature preparation,sequence-derived k-mer composition,False,False,
GCAC,4-mer,continuous,relative frequency,Normalized relative frequency of the 4-mer GCAC in the plasmid sequence.,0 only if absent after feature preparation,sequence-derived k-mer composition,False,False,
GCAG,4-mer,continuous,relative frequency,Normalized relative frequency of the 4-mer GCAG in the plasmid sequence.,0 only if absent after feature preparation,sequence-derived k-mer composition,False,False,
GCAT,4-mer,continuous,relative frequency,Normalized relative frequency of the 4-mer GCAT in the plasmid sequence.,0 only if absent after feature preparation,sequence-derived k-mer composition,False,False,
GCCA,4-mer,continuous,relative frequency,Normalized relative frequency of the 4-mer GCCA in the plasmid sequence.,0 only if absent after feature preparation,sequence-derived k-mer composition,False,False,
GCCC,4-mer,continuous,relative frequency,Normalized relative frequency of the 4-mer GCCC in the plasmid sequence.,0 only if absent after feature preparation,sequence-derived k-mer composition,False,False,
GCCG,4-mer,continuous,relative frequency,Normalized relative frequency of the 4-mer GCCG in the plasmid sequence.,0 only if absent after feature preparation,sequence-derived k-mer composition,False,False,
GCCT,4-mer,continuous,relative frequency,Normalized relative frequency of the 4-mer GCCT in the plasmid sequence.,0 only if absent after feature preparation,sequence-derived k-mer composition,False,False,
GCGA,4-mer,continuous,relative frequency,Normalized relative frequency of the 4-mer GCGA in the plasmid sequence.,0 only if absent after feature preparation,sequence-derived k-mer composition,False,False,
GCGC,4-mer,continuous,relative frequency,Normalized relative frequency of the 4-mer GCGC in the plasmid sequence.,0 only if absent after feature preparation,sequence-derived k-mer composition,True,True,43
GCGG,4-mer,continuous,relative frequency,Normalized relative frequency of the 4-mer GCGG in the plasmid sequence.,0 only if absent after feature preparation,sequence-derived k-mer composition,False,False,
GCGT,4-mer,continuous,relative frequency,Normalized relative frequency of the 4-mer GCGT in the plasmid sequence.,0 only if absent after feature preparation,sequence-derived k-mer composition,False,False,
GCTA,4-mer,continuous,relative frequency,Normalized relative frequency of the 4-mer GCTA in the plasmid sequence.,0 only if absent after feature preparation,sequence-derived k-mer composition,False,False,
GCTC,4-mer,continuous,relative frequency,Normalized relative frequency of the 4-mer GCTC in the plasmid sequence.,0 only if absent after feature preparation,sequence-derived k-mer composition,False,False,
GCTG,4-mer,continuous,relative frequency,Normalized relative frequency of the 4-mer GCTG in the plasmid sequence.,0 only if absent after feature preparation,sequence-derived k-mer composition,False,False,
GCTT,4-mer,continuous,relative frequency,Normalized relative frequency of the 4-mer GCTT in the plasmid sequence.,0 only if absent after feature preparation,sequence-derived k-mer composition,False,False,
GGAA,4-mer,continuous,relative frequency,Normalized relative frequency of the 4-mer GGAA in the plasmid sequence.,0 only if absent after feature preparation,sequence-derived k-mer composition,False,False,
GGAC,4-mer,continuous,relative frequency,Normalized relative frequency of the 4-mer GGAC in the plasmid sequence.,0 only if absent after feature preparation,sequence-derived k-mer composition,False,False,
GGAG,4-mer,continuous,relative frequency,Normalized relative frequency of the 4-mer GGAG in the plasmid sequence.,0 only if absent after feature preparation,sequence-derived k-mer composition,False,False,
GGAT,4-mer,continuous,relative frequency,Normalized relative frequency of the 4-mer GGAT in the plasmid sequence.,0 only if absent after feature preparation,sequence-derived k-mer composition,False,False,
GGCA,4-mer,continuous,relative frequency,Normalized relative frequency of the 4-mer GGCA in the plasmid sequence.,0 only if absent after feature preparation,sequence-derived k-mer composition,False,False,
GGCC,4-mer,continuous,relative frequency,Normalized relative frequency of the 4-mer GGCC in the plasmid sequence.,0 only if absent after feature preparation,sequence-derived k-mer composition,False,False,
GGCG,4-mer,continuous,relative frequency,Normalized relative frequency of the 4-mer GGCG in the plasmid sequence.,0 only if absent after feature preparation,sequence-derived k-mer composition,False,False,
GGCT,4-mer,continuous,relative frequency,Normalized relative frequency of the 4-mer GGCT in the plasmid sequence.,0 only if absent after feature preparation,sequence-derived k-mer composition,False,False,
GGGA,4-mer,continuous,relative frequency,Normalized relative frequency of the 4-mer GGGA in the plasmid sequence.,0 only if absent after feature preparation,sequence-derived k-mer composition,False,False,
GGGC,4-mer,continuous,relative frequency,Normalized relative frequency of the 4-mer GGGC in the plasmid sequence.,0 only if absent after feature preparation,sequence-derived k-mer composition,False,False,
GGGG,4-mer,continuous,relative frequency,Normalized relative frequency of the 4-mer GGGG in the plasmid sequence.,0 only if absent after feature preparation,sequence-derived k-mer composition,True,True,36
GGGT,4-mer,continuous,relative frequency,Normalized relative frequency of the 4-mer GGGT in the plasmid sequence.,0 only if absent after feature preparation,sequence-derived k-mer composition,False,False,
GGTA,4-mer,continuous,relative frequency,Normalized relative frequency of the 4-mer GGTA in the plasmid sequence.,0 only if absent after feature preparation,sequence-derived k-mer composition,False,False,
GGTC,4-mer,continuous,relative frequency,Normalized relative frequency of the 4-mer GGTC in the plasmid sequence.,0 only if absent after feature preparation,sequence-derived k-mer composition,False,False,
GGTG,4-mer,continuous,relative frequency,Normalized relative frequency of the 4-mer GGTG in the plasmid sequence.,0 only if absent after feature preparation,sequence-derived k-mer composition,False,False,
GGTT,4-mer,continuous,relative frequency,Normalized relative frequency of the 4-mer GGTT in the plasmid sequence.,0 only if absent after feature preparation,sequence-derived k-mer composition,False,False,
GTAA,4-mer,continuous,relative frequency,Normalized relative frequency of the 4-mer GTAA in the plasmid sequence.,0 only if absent after feature preparation,sequence-derived k-mer composition,False,False,
GTAC,4-mer,continuous,relative frequency,Normalized relative frequency of the 4-mer GTAC in the plasmid sequence.,0 only if absent after feature preparation,sequence-derived k-mer composition,False,False,
GTAG,4-mer,continuous,relative frequency,Normalized relative frequency of the 4-mer GTAG in the plasmid sequence.,0 only if absent after feature preparation,sequence-derived k-mer composition,False,False,
GTAT,4-mer,continuous,relative frequency,Normalized relative frequency of the 4-mer GTAT in the plasmid sequence.,0 only if absent after feature preparation,sequence-derived k-mer composition,False,False,
GTCA,4-mer,continuous,relative frequency,Normalized relative frequency of the 4-mer GTCA in the plasmid sequence.,0 only if absent after feature preparation,sequence-derived k-mer composition,False,False,
GTCC,4-mer,continuous,relative frequency,Normalized relative frequency of the 4-mer GTCC in the plasmid sequence.,0 only if absent after feature preparation,sequence-derived k-mer composition,False,False,
GTCG,4-mer,continuous,relative frequency,Normalized relative frequency of the 4-mer GTCG in the plasmid sequence.,0 only if absent after feature preparation,sequence-derived k-mer composition,False,False,
GTCT,4-mer,continuous,relative frequency,Normalized relative frequency of the 4-mer GTCT in the plasmid sequence.,0 only if absent after feature preparation,sequence-derived k-mer composition,False,False,
GTGA,4-mer,continuous,relative frequency,Normalized relative frequency of the 4-mer GTGA in the plasmid sequence.,0 only if absent after feature preparation,sequence-derived k-mer composition,True,True,30
GTGC,4-mer,continuous,relative frequency,Normalized relative frequency of the 4-mer GTGC in the plasmid sequence.,0 only if absent after feature preparation,sequence-derived k-mer composition,False,False,
GTGG,4-mer,continuous,relative frequency,Normalized relative frequency of the 4-mer GTGG in the plasmid sequence.,0 only if absent after feature preparation,sequence-derived k-mer composition,False,False,
GTGT,4-mer,continuous,relative frequency,Normalized relative frequency of the 4-mer GTGT in the plasmid sequence.,0 only if absent after feature preparation,sequence-derived k-mer composition,False,False,
GTTA,4-mer,continuous,relative frequency,Normalized relative frequency of the 4-mer GTTA in the plasmid sequence.,0 only if absent after feature preparation,sequence-derived k-mer composition,False,False,
GTTC,4-mer,continuous,relative frequency,Normalized relative frequency of the 4-mer GTTC in the plasmid sequence.,0 only if absent after feature preparation,sequence-derived k-mer composition,True,True,26
GTTG,4-mer,continuous,relative frequency,Normalized relative frequency of the 4-mer GTTG in the plasmid sequence.,0 only if absent after feature preparation,sequence-derived k-mer composition,False,False,
GTTT,4-mer,continuous,relative frequency,Normalized relative frequency of the 4-mer GTTT in the plasmid sequence.,0 only if absent after feature preparation,sequence-derived k-mer composition,False,False,
TAAA,4-mer,continuous,relative frequency,Normalized relative frequency of the 4-mer TAAA in the plasmid sequence.,0 only if absent after feature preparation,sequence-derived k-mer composition,False,False,
TAAC,4-mer,continuous,relative frequency,Normalized relative frequency of the 4-mer TAAC in the plasmid sequence.,0 only if absent after feature preparation,sequence-derived k-mer composition,False,False,
TAAG,4-mer,continuous,relative frequency,Normalized relative frequency of the 4-mer TAAG in the plasmid sequence.,0 only if absent after feature preparation,sequence-derived k-mer composition,False,False,
TAAT,4-mer,continuous,relative frequency,Normalized relative frequency of the 4-mer TAAT in the plasmid sequence.,0 only if absent after feature preparation,sequence-derived k-mer composition,False,False,
TACA,4-mer,continuous,relative frequency,Normalized relative frequency of the 4-mer TACA in the plasmid sequence.,0 only if absent after feature preparation,sequence-derived k-mer composition,False,False,
TACC,4-mer,continuous,relative frequency,Normalized relative frequency of the 4-mer TACC in the plasmid sequence.,0 only if absent after feature preparation,sequence-derived k-mer composition,False,False,
TACG,4-mer,continuous,relative frequency,Normalized relative frequency of the 4-mer TACG in the plasmid sequence.,0 only if absent after feature preparation,sequence-derived k-mer composition,False,False,
TACT,4-mer,continuous,relative frequency,Normalized relative frequency of the 4-mer TACT in the plasmid sequence.,0 only if absent after feature preparation,sequence-derived k-mer composition,False,False,
TAGA,4-mer,continuous,relative frequency,Normalized relative frequency of the 4-mer TAGA in the plasmid sequence.,0 only if absent after feature preparation,sequence-derived k-mer composition,False,False,
TAGC,4-mer,continuous,relative frequency,Normalized relative frequency of the 4-mer TAGC in the plasmid sequence.,0 only if absent after feature preparation,sequence-derived k-mer composition,False,False,
TAGG,4-mer,continuous,relative frequency,Normalized relative frequency of the 4-mer TAGG in the plasmid sequence.,0 only if absent after feature preparation,sequence-derived k-mer composition,False,False,
TAGT,4-mer,continuous,relative frequency,Normalized relative frequency of the 4-mer TAGT in the plasmid sequence.,0 only if absent after feature preparation,sequence-derived k-mer composition,False,False,
TATA,4-mer,continuous,relative frequency,Normalized relative frequency of the 4-mer TATA in the plasmid sequence.,0 only if absent after feature preparation,sequence-derived k-mer composition,True,True,45
TATC,4-mer,continuous,relative frequency,Normalized relative frequency of the 4-mer TATC in the plasmid sequence.,0 only if absent after feature preparation,sequence-derived k-mer composition,False,False,
TATG,4-mer,continuous,relative frequency,Normalized relative frequency of the 4-mer TATG in the plasmid sequence.,0 only if absent after feature preparation,sequence-derived k-mer composition,False,False,
TATT,4-mer,continuous,relative frequency,Normalized relative frequency of the 4-mer TATT in the plasmid sequence.,0 only if absent after feature preparation,sequence-derived k-mer composition,False,False,
TCAA,4-mer,continuous,relative frequency,Normalized relative frequency of the 4-mer TCAA in the plasmid sequence.,0 only if absent after feature preparation,sequence-derived k-mer composition,False,False,
TCAC,4-mer,continuous,relative frequency,Normalized relative frequency of the 4-mer TCAC in the plasmid sequence.,0 only if absent after feature preparation,sequence-derived k-mer composition,False,False,
TCAG,4-mer,continuous,relative frequency,Normalized relative frequency of the 4-mer TCAG in the plasmid sequence.,0 only if absent after feature preparation,sequence-derived k-mer composition,False,False,
TCAT,4-mer,continuous,relative frequency,Normalized relative frequency of the 4-mer TCAT in the plasmid sequence.,0 only if absent after feature preparation,sequence-derived k-mer composition,False,False,
TCCA,4-mer,continuous,relative frequency,Normalized relative frequency of the 4-mer TCCA in the plasmid sequence.,0 only if absent after feature preparation,sequence-derived k-mer composition,False,False,
TCCC,4-mer,continuous,relative frequency,Normalized relative frequency of the 4-mer TCCC in the plasmid sequence.,0 only if absent after feature preparation,sequence-derived k-mer composition,False,False,
TCCG,4-mer,continuous,relative frequency,Normalized relative frequency of the 4-mer TCCG in the plasmid sequence.,0 only if absent after feature preparation,sequence-derived k-mer composition,False,False,
TCCT,4-mer,continuous,relative frequency,Normalized relative frequency of the 4-mer TCCT in the plasmid sequence.,0 only if absent after feature preparation,sequence-derived k-mer composition,False,False,
TCGA,4-mer,continuous,relative frequency,Normalized relative frequency of the 4-mer TCGA in the plasmid sequence.,0 only if absent after feature preparation,sequence-derived k-mer composition,True,True,42
TCGC,4-mer,continuous,relative frequency,Normalized relative frequency of the 4-mer TCGC in the plasmid sequence.,0 only if absent after feature preparation,sequence-derived k-mer composition,False,False,
TCGG,4-mer,continuous,relative frequency,Normalized relative frequency of the 4-mer TCGG in the plasmid sequence.,0 only if absent after feature preparation,sequence-derived k-mer composition,False,False,
TCGT,4-mer,continuous,relative frequency,Normalized relative frequency of the 4-mer TCGT in the plasmid sequence.,0 only if absent after feature preparation,sequence-derived k-mer composition,False,False,
TCTA,4-mer,continuous,relative frequency,Normalized relative frequency of the 4-mer TCTA in the plasmid sequence.,0 only if absent after feature preparation,sequence-derived k-mer composition,False,False,
TCTC,4-mer,continuous,relative frequency,Normalized relative frequency of the 4-mer TCTC in the plasmid sequence.,0 only if absent after feature preparation,sequence-derived k-mer composition,False,False,
TCTG,4-mer,continuous,relative frequency,Normalized relative frequency of the 4-mer TCTG in the plasmid sequence.,0 only if absent after feature preparation,sequence-derived k-mer composition,False,False,
TCTT,4-mer,continuous,relative frequency,Normalized relative frequency of the 4-mer TCTT in the plasmid sequence.,0 only if absent after feature preparation,sequence-derived k-mer composition,False,False,
TGAA,4-mer,continuous,relative frequency,Normalized relative frequency of the 4-mer TGAA in the plasmid sequence.,0 only if absent after feature preparation,sequence-derived k-mer composition,False,False,
TGAC,4-mer,continuous,relative frequency,Normalized relative frequency of the 4-mer TGAC in the plasmid sequence.,0 only if absent after feature preparation,sequence-derived k-mer composition,False,False,
TGAG,4-mer,continuous,relative frequency,Normalized relative frequency of the 4-mer TGAG in the plasmid sequence.,0 only if absent after feature preparation,sequence-derived k-mer composition,False,False,
TGAT,4-mer,continuous,relative frequency,Normalized relative frequency of the 4-mer TGAT in the plasmid sequence.,0 only if absent after feature preparation,sequence-derived k-mer composition,False,False,
TGCA,4-mer,continuous,relative frequency,Normalized relative frequency of the 4-mer TGCA in the plasmid sequence.,0 only if absent after feature preparation,sequence-derived k-mer composition,True,True,38
TGCC,4-mer,continuous,relative frequency,Normalized relative frequency of the 4-mer TGCC in the plasmid sequence.,0 only if absent after feature preparation,sequence-derived k-mer composition,False,False,
TGCG,4-mer,continuous,relative frequency,Normalized relative frequency of the 4-mer TGCG in the plasmid sequence.,0 only if absent after feature preparation,sequence-derived k-mer composition,False,False,
TGCT,4-mer,continuous,relative frequency,Normalized relative frequency of the 4-mer TGCT in the plasmid sequence.,0 only if absent after feature preparation,sequence-derived k-mer composition,False,False,
TGGA,4-mer,continuous,relative frequency,Normalized relative frequency of the 4-mer TGGA in the plasmid sequence.,0 only if absent after feature preparation,sequence-derived k-mer composition,False,False,
TGGC,4-mer,continuous,relative frequency,Normalized relative frequency of the 4-mer TGGC in the plasmid sequence.,0 only if absent after feature preparation,sequence-derived k-mer composition,False,False,
TGGG,4-mer,continuous,relative frequency,Normalized relative frequency of the 4-mer TGGG in the plasmid sequence.,0 only if absent after feature preparation,sequence-derived k-mer composition,False,False,
TGGT,4-mer,continuous,relative frequency,Normalized relative frequency of the 4-mer TGGT in the plasmid sequence.,0 only if absent after feature preparation,sequence-derived k-mer composition,False,False,
TGTA,4-mer,continuous,relative frequency,Normalized relative frequency of the 4-mer TGTA in the plasmid sequence.,0 only if absent after feature preparation,sequence-derived k-mer composition,False,False,
TGTC,4-mer,continuous,relative frequency,Normalized relative frequency of the 4-mer TGTC in the plasmid sequence.,0 only if absent after feature preparation,sequence-derived k-mer composition,False,False,
TGTG,4-mer,continuous,relative frequency,Normalized relative frequency of the 4-mer TGTG in the plasmid sequence.,0 only if absent after feature preparation,sequence-derived k-mer composition,False,False,
TGTT,4-mer,continuous,relative frequency,Normalized relative frequency of the 4-mer TGTT in the plasmid sequence.,0 only if absent after feature preparation,sequence-derived k-mer composition,False,False,
TTAA,4-mer,continuous,relative frequency,Normalized relative frequency of the 4-mer TTAA in the plasmid sequence.,0 only if absent after feature preparation,sequence-derived k-mer composition,True,True,46
TTAC,4-mer,continuous,relative frequency,Normalized relative frequency of the 4-mer TTAC in the plasmid sequence.,0 only if absent after feature preparation,sequence-derived k-mer composition,False,False,
TTAG,4-mer,continuous,relative frequency,Normalized relative frequency of the 4-mer TTAG in the plasmid sequence.,0 only if absent after feature preparation,sequence-derived k-mer composition,False,False,
TTAT,4-mer,continuous,relative frequency,Normalized relative frequency of the 4-mer TTAT in the plasmid sequence.,0 only if absent after feature preparation,sequence-derived k-mer composition,True,True,37
TTCA,4-mer,continuous,relative frequency,Normalized relative frequency of the 4-mer TTCA in the plasmid sequence.,0 only if absent after feature preparation,sequence-derived k-mer composition,False,False,
TTCC,4-mer,continuous,relative frequency,Normalized relative frequency of the 4-mer TTCC in the plasmid sequence.,0 only if absent after feature preparation,sequence-derived k-mer composition,False,False,
TTCG,4-mer,continuous,relative frequency,Normalized relative frequency of the 4-mer TTCG in the plasmid sequence.,0 only if absent after feature preparation,sequence-derived k-mer composition,False,False,
TTCT,4-mer,continuous,relative frequency,Normalized relative frequency of the 4-mer TTCT in the plasmid sequence.,0 only if absent after feature preparation,sequence-derived k-mer composition,True,True,18
TTGA,4-mer,continuous,relative frequency,Normalized relative frequency of the 4-mer TTGA in the plasmid sequence.,0 only if absent after feature preparation,sequence-derived k-mer composition,False,False,
TTGC,4-mer,continuous,relative frequency,Normalized relative frequency of the 4-mer TTGC in the plasmid sequence.,0 only if absent after feature preparation,sequence-derived k-mer composition,False,False,
TTGG,4-mer,continuous,relative frequency,Normalized relative frequency of the 4-mer TTGG in the plasmid sequence.,0 only if absent after feature preparation,sequence-derived k-mer composition,False,False,
TTGT,4-mer,continuous,relative frequency,Normalized relative frequency of the 4-mer TTGT in the plasmid sequence.,0 only if absent after feature preparation,sequence-derived k-mer composition,False,False,
TTTA,4-mer,continuous,relative frequency,Normalized relative frequency of the 4-mer TTTA in the plasmid sequence.,0 only if absent after feature preparation,sequence-derived k-mer composition,True,True,34
TTTC,4-mer,continuous,relative frequency,Normalized relative frequency of the 4-mer TTTC in the plasmid sequence.,0 only if absent after feature preparation,sequence-derived k-mer composition,False,False,
TTTG,4-mer,continuous,relative frequency,Normalized relative frequency of the 4-mer TTTG in the plasmid sequence.,0 only if absent after feature preparation,sequence-derived k-mer composition,False,False,
TTTT,4-mer,continuous,relative frequency,Normalized relative frequency of the 4-mer TTTT in the plasmid sequence.,0 only if absent after feature preparation,sequence-derived k-mer composition,False,False,
AAAAA,5-mer,continuous,relative frequency,Normalized relative frequency of the 5-mer AAAAA in the plasmid sequence.,0 only if absent after feature preparation,sequence-derived k-mer composition,False,False,
AAAAC,5-mer,continuous,relative frequency,Normalized relative frequency of the 5-mer AAAAC in the plasmid sequence.,0 only if absent after feature preparation,sequence-derived k-mer composition,False,False,
AAAAG,5-mer,continuous,relative frequency,Normalized relative frequency of the 5-mer AAAAG in the plasmid sequence.,0 only if absent after feature preparation,sequence-derived k-mer composition,False,False,
AAAAT,5-mer,continuous,relative frequency,Normalized relative frequency of the 5-mer AAAAT in the plasmid sequence.,0 only if absent after feature preparation,sequence-derived k-mer composition,False,False,
AAACA,5-mer,continuous,relative frequency,Normalized relative frequency of the 5-mer AAACA in the plasmid sequence.,0 only if absent after feature preparation,sequence-derived k-mer composition,False,False,
AAACC,5-mer,continuous,relative frequency,Normalized relative frequency of the 5-mer AAACC in the plasmid sequence.,0 only if absent after feature preparation,sequence-derived k-mer composition,False,False,
AAACG,5-mer,continuous,relative frequency,Normalized relative frequency of the 5-mer AAACG in the plasmid sequence.,0 only if absent after feature preparation,sequence-derived k-mer composition,False,False,
AAACT,5-mer,continuous,relative frequency,Normalized relative frequency of the 5-mer AAACT in the plasmid sequence.,0 only if absent after feature preparation,sequence-derived k-mer composition,False,False,
AAAGA,5-mer,continuous,relative frequency,Normalized relative frequency of the 5-mer AAAGA in the plasmid sequence.,0 only if absent after feature preparation,sequence-derived k-mer composition,False,False,
AAAGC,5-mer,continuous,relative frequency,Normalized relative frequency of the 5-mer AAAGC in the plasmid sequence.,0 only if absent after feature preparation,sequence-derived k-mer composition,False,False,
AAAGG,5-mer,continuous,relative frequency,Normalized relative frequency of the 5-mer AAAGG in the plasmid sequence.,0 only if absent after feature preparation,sequence-derived k-mer composition,False,False,
AAAGT,5-mer,continuous,relative frequency,Normalized relative frequency of the 5-mer AAAGT in the plasmid sequence.,0 only if absent after feature preparation,sequence-derived k-mer composition,False,False,
AAATA,5-mer,continuous,relative frequency,Normalized relative frequency of the 5-mer AAATA in the plasmid sequence.,0 only if absent after feature preparation,sequence-derived k-mer composition,False,False,
AAATC,5-mer,continuous,relative frequency,Normalized relative frequency of the 5-mer AAATC in the plasmid sequence.,0 only if absent after feature preparation,sequence-derived k-mer composition,False,False,
AAATG,5-mer,continuous,relative frequency,Normalized relative frequency of the 5-mer AAATG in the plasmid sequence.,0 only if absent after feature preparation,sequence-derived k-mer composition,False,False,
AAATT,5-mer,continuous,relative frequency,Normalized relative frequency of the 5-mer AAATT in the plasmid sequence.,0 only if absent after feature preparation,sequence-derived k-mer composition,False,False,
AACAA,5-mer,continuous,relative frequency,Normalized relative frequency of the 5-mer AACAA in the plasmid sequence.,0 only if absent after feature preparation,sequence-derived k-mer composition,False,False,
AACAC,5-mer,continuous,relative frequency,Normalized relative frequency of the 5-mer AACAC in the plasmid sequence.,0 only if absent after feature preparation,sequence-derived k-mer composition,False,False,
AACAG,5-mer,continuous,relative frequency,Normalized relative frequency of the 5-mer AACAG in the plasmid sequence.,0 only if absent after feature preparation,sequence-derived k-mer composition,False,False,
AACAT,5-mer,continuous,relative frequency,Normalized relative frequency of the 5-mer AACAT in the plasmid sequence.,0 only if absent after feature preparation,sequence-derived k-mer composition,False,False,
AACCA,5-mer,continuous,relative frequency,Normalized relative frequency of the 5-mer AACCA in the plasmid sequence.,0 only if absent after feature preparation,sequence-derived k-mer composition,False,False,
AACCC,5-mer,continuous,relative frequency,Normalized relative frequency of the 5-mer AACCC in the plasmid sequence.,0 only if absent after feature preparation,sequence-derived k-mer composition,False,False,
AACCG,5-mer,continuous,relative frequency,Normalized relative frequency of the 5-mer AACCG in the plasmid sequence.,0 only if absent after feature preparation,sequence-derived k-mer composition,False,False,
AACCT,5-mer,continuous,relative frequency,Normalized relative frequency of the 5-mer AACCT in the plasmid sequence.,0 only if absent after feature preparation,sequence-derived k-mer composition,False,False,
AACGA,5-mer,continuous,relative frequency,Normalized relative frequency of the 5-mer AACGA in the plasmid sequence.,0 only if absent after feature preparation,sequence-derived k-mer composition,False,False,
AACGC,5-mer,continuous,relative frequency,Normalized relative frequency of the 5-mer AACGC in the plasmid sequence.,0 only if absent after feature preparation,sequence-derived k-mer composition,False,False,
AACGG,5-mer,continuous,relative frequency,Normalized relative frequency of the 5-mer AACGG in the plasmid sequence.,0 only if absent after feature preparation,sequence-derived k-mer composition,False,False,
AACGT,5-mer,continuous,relative frequency,Normalized relative frequency of the 5-mer AACGT in the plasmid sequence.,0 only if absent after feature preparation,sequence-derived k-mer composition,False,False,
AACTA,5-mer,continuous,relative frequency,Normalized relative frequency of the 5-mer AACTA in the plasmid sequence.,0 only if absent after feature preparation,sequence-derived k-mer composition,False,False,
AACTC,5-mer,continuous,relative frequency,Normalized relative frequency of the 5-mer AACTC in the plasmid sequence.,0 only if absent after feature preparation,sequence-derived k-mer composition,False,False,
AACTG,5-mer,continuous,relative frequency,Normalized relative frequency of the 5-mer AACTG in the plasmid sequence.,0 only if absent after feature preparation,sequence-derived k-mer composition,False,False,
AACTT,5-mer,continuous,relative frequency,Normalized relative frequency of the 5-mer AACTT in the plasmid sequence.,0 only if absent after feature preparation,sequence-derived k-mer composition,False,False,
AAGAA,5-mer,continuous,relative frequency,Normalized relative frequency of the 5-mer AAGAA in the plasmid sequence.,0 only if absent after feature preparation,sequence-derived k-mer composition,False,False,
AAGAC,5-mer,continuous,relative frequency,Normalized relative frequency of the 5-mer AAGAC in the plasmid sequence.,0 only if absent after feature preparation,sequence-derived k-mer composition,False,False,
AAGAG,5-mer,continuous,relative frequency,Normalized relative frequency of the 5-mer AAGAG in the plasmid sequence.,0 only if absent after feature preparation,sequence-derived k-mer composition,False,False,
AAGAT,5-mer,continuous,relative frequency,Normalized relative frequency of the 5-mer AAGAT in the plasmid sequence.,0 only if absent after feature preparation,sequence-derived k-mer composition,False,False,
AAGCA,5-mer,continuous,relative frequency,Normalized relative frequency of the 5-mer AAGCA in the plasmid sequence.,0 only if absent after feature preparation,sequence-derived k-mer composition,False,False,
AAGCC,5-mer,continuous,relative frequency,Normalized relative frequency of the 5-mer AAGCC in the plasmid sequence.,0 only if absent after feature preparation,sequence-derived k-mer composition,False,False,
AAGCG,5-mer,continuous,relative frequency,Normalized relative frequency of the 5-mer AAGCG in the plasmid sequence.,0 only if absent after feature preparation,sequence-derived k-mer composition,False,False,
AAGCT,5-mer,continuous,relative frequency,Normalized relative frequency of the 5-mer AAGCT in the plasmid sequence.,0 only if absent after feature preparation,sequence-derived k-mer composition,False,False,
AAGGA,5-mer,continuous,relative frequency,Normalized relative frequency of the 5-mer AAGGA in the plasmid sequence.,0 only if absent after feature preparation,sequence-derived k-mer composition,False,False,
AAGGC,5-mer,continuous,relative frequency,Normalized relative frequency of the 5-mer AAGGC in the plasmid sequence.,0 only if absent after feature preparation,sequence-derived k-mer composition,False,False,
AAGGG,5-mer,continuous,relative frequency,Normalized relative frequency of the 5-mer AAGGG in the plasmid sequence.,0 only if absent after feature preparation,sequence-derived k-mer composition,False,False,
AAGGT,5-mer,continuous,relative frequency,Normalized relative frequency of the 5-mer AAGGT in the plasmid sequence.,0 only if absent after feature preparation,sequence-derived k-mer composition,False,False,
AAGTA,5-mer,continuous,relative frequency,Normalized relative frequency of the 5-mer AAGTA in the plasmid sequence.,0 only if absent after feature preparation,sequence-derived k-mer composition,False,False,
AAGTC,5-mer,continuous,relative frequency,Normalized relative frequency of the 5-mer AAGTC in the plasmid sequence.,0 only if absent after feature preparation,sequence-derived k-mer composition,False,False,
AAGTG,5-mer,continuous,relative frequency,Normalized relative frequency of the 5-mer AAGTG in the plasmid sequence.,0 only if absent after feature preparation,sequence-derived k-mer composition,False,False,
AAGTT,5-mer,continuous,relative frequency,Normalized relative frequency of the 5-mer AAGTT in the plasmid sequence.,0 only if absent after feature preparation,sequence-derived k-mer composition,False,False,
AATAA,5-mer,continuous,relative frequency,Normalized relative frequency of the 5-mer AATAA in the plasmid sequence.,0 only if absent after feature preparation,sequence-derived k-mer composition,False,False,
AATAC,5-mer,continuous,relative frequency,Normalized relative frequency of the 5-mer AATAC in the plasmid sequence.,0 only if absent after feature preparation,sequence-derived k-mer composition,False,False,
AATAG,5-mer,continuous,relative frequency,Normalized relative frequency of the 5-mer AATAG in the plasmid sequence.,0 only if absent after feature preparation,sequence-derived k-mer composition,False,False,
AATAT,5-mer,continuous,relative frequency,Normalized relative frequency of the 5-mer AATAT in the plasmid sequence.,0 only if absent after feature preparation,sequence-derived k-mer composition,False,False,
AATCA,5-mer,continuous,relative frequency,Normalized relative frequency of the 5-mer AATCA in the plasmid sequence.,0 only if absent after feature preparation,sequence-derived k-mer composition,False,False,
AATCC,5-mer,continuous,relative frequency,Normalized relative frequency of the 5-mer AATCC in the plasmid sequence.,0 only if absent after feature preparation,sequence-derived k-mer composition,False,False,
AATCG,5-mer,continuous,relative frequency,Normalized relative frequency of the 5-mer AATCG in the plasmid sequence.,0 only if absent after feature preparation,sequence-derived k-mer composition,False,False,
AATCT,5-mer,continuous,relative frequency,Normalized relative frequency of the 5-mer AATCT in the plasmid sequence.,0 only if absent after feature preparation,sequence-derived k-mer composition,False,False,
AATGA,5-mer,continuous,relative frequency,Normalized relative frequency of the 5-mer AATGA in the plasmid sequence.,0 only if absent after feature preparation,sequence-derived k-mer composition,False,False,
AATGC,5-mer,continuous,relative frequency,Normalized relative frequency of the 5-mer AATGC in the plasmid sequence.,0 only if absent after feature preparation,sequence-derived k-mer composition,False,False,
AATGG,5-mer,continuous,relative frequency,Normalized relative frequency of the 5-mer AATGG in the plasmid sequence.,0 only if absent after feature preparation,sequence-derived k-mer composition,False,False,
AATGT,5-mer,continuous,relative frequency,Normalized relative frequency of the 5-mer AATGT in the plasmid sequence.,0 only if absent after feature preparation,sequence-derived k-mer composition,False,False,
AATTA,5-mer,continuous,relative frequency,Normalized relative frequency of the 5-mer AATTA in the plasmid sequence.,0 only if absent after feature preparation,sequence-derived k-mer composition,False,False,
AATTC,5-mer,continuous,relative frequency,Normalized relative frequency of the 5-mer AATTC in the plasmid sequence.,0 only if absent after feature preparation,sequence-derived k-mer composition,False,False,
AATTG,5-mer,continuous,relative frequency,Normalized relative frequency of the 5-mer AATTG in the plasmid sequence.,0 only if absent after feature preparation,sequence-derived k-mer composition,False,False,
AATTT,5-mer,continuous,relative frequency,Normalized relative frequency of the 5-mer AATTT in the plasmid sequence.,0 only if absent after feature preparation,sequence-derived k-mer composition,False,False,
ACAAA,5-mer,continuous,relative frequency,Normalized relative frequency of the 5-mer ACAAA in the plasmid sequence.,0 only if absent after feature preparation,sequence-derived k-mer composition,False,False,
ACAAC,5-mer,continuous,relative frequency,Normalized relative frequency of the 5-mer ACAAC in the plasmid sequence.,0 only if absent after feature preparation,sequence-derived k-mer composition,False,False,
ACAAG,5-mer,continuous,relative frequency,Normalized relative frequency of the 5-mer ACAAG in the plasmid sequence.,0 only if absent after feature preparation,sequence-derived k-mer composition,False,False,
ACAAT,5-mer,continuous,relative frequency,Normalized relative frequency of the 5-mer ACAAT in the plasmid sequence.,0 only if absent after feature preparation,sequence-derived k-mer composition,False,False,
ACACA,5-mer,continuous,relative frequency,Normalized relative frequency of the 5-mer ACACA in the plasmid sequence.,0 only if absent after feature preparation,sequence-derived k-mer composition,False,False,
ACACC,5-mer,continuous,relative frequency,Normalized relative frequency of the 5-mer ACACC in the plasmid sequence.,0 only if absent after feature preparation,sequence-derived k-mer composition,False,False,
ACACG,5-mer,continuous,relative frequency,Normalized relative frequency of the 5-mer ACACG in the plasmid sequence.,0 only if absent after feature preparation,sequence-derived k-mer composition,False,False,
ACACT,5-mer,continuous,relative frequency,Normalized relative frequency of the 5-mer ACACT in the plasmid sequence.,0 only if absent after feature preparation,sequence-derived k-mer composition,False,False,
ACAGA,5-mer,continuous,relative frequency,Normalized relative frequency of the 5-mer ACAGA in the plasmid sequence.,0 only if absent after feature preparation,sequence-derived k-mer composition,False,False,
ACAGC,5-mer,continuous,relative frequency,Normalized relative frequency of the 5-mer ACAGC in the plasmid sequence.,0 only if absent after feature preparation,sequence-derived k-mer composition,False,False,
ACAGG,5-mer,continuous,relative frequency,Normalized relative frequency of the 5-mer ACAGG in the plasmid sequence.,0 only if absent after feature preparation,sequence-derived k-mer composition,False,False,
ACAGT,5-mer,continuous,relative frequency,Normalized relative frequency of the 5-mer ACAGT in the plasmid sequence.,0 only if absent after feature preparation,sequence-derived k-mer composition,False,False,
ACATA,5-mer,continuous,relative frequency,Normalized relative frequency of the 5-mer ACATA in the plasmid sequence.,0 only if absent after feature preparation,sequence-derived k-mer composition,False,False,
ACATC,5-mer,continuous,relative frequency,Normalized relative frequency of the 5-mer ACATC in the plasmid sequence.,0 only if absent after feature preparation,sequence-derived k-mer composition,False,False,
ACATG,5-mer,continuous,relative frequency,Normalized relative frequency of the 5-mer ACATG in the plasmid sequence.,0 only if absent after feature preparation,sequence-derived k-mer composition,False,False,
ACATT,5-mer,continuous,relative frequency,Normalized relative frequency of the 5-mer ACATT in the plasmid sequence.,0 only if absent after feature preparation,sequence-derived k-mer composition,False,False,
ACCAA,5-mer,continuous,relative frequency,Normalized relative frequency of the 5-mer ACCAA in the plasmid sequence.,0 only if absent after feature preparation,sequence-derived k-mer composition,False,False,
ACCAC,5-mer,continuous,relative frequency,Normalized relative frequency of the 5-mer ACCAC in the plasmid sequence.,0 only if absent after feature preparation,sequence-derived k-mer composition,False,False,
ACCAG,5-mer,continuous,relative frequency,Normalized relative frequency of the 5-mer ACCAG in the plasmid sequence.,0 only if absent after feature preparation,sequence-derived k-mer composition,False,False,
ACCAT,5-mer,continuous,relative frequency,Normalized relative frequency of the 5-mer ACCAT in the plasmid sequence.,0 only if absent after feature preparation,sequence-derived k-mer composition,False,False,
ACCCA,5-mer,continuous,relative frequency,Normalized relative frequency of the 5-mer ACCCA in the plasmid sequence.,0 only if absent after feature preparation,sequence-derived k-mer composition,False,False,
ACCCC,5-mer,continuous,relative frequency,Normalized relative frequency of the 5-mer ACCCC in the plasmid sequence.,0 only if absent after feature preparation,sequence-derived k-mer composition,False,False,
ACCCG,5-mer,continuous,relative frequency,Normalized relative frequency of the 5-mer ACCCG in the plasmid sequence.,0 only if absent after feature preparation,sequence-derived k-mer composition,False,False,
ACCCT,5-mer,continuous,relative frequency,Normalized relative frequency of the 5-mer ACCCT in the plasmid sequence.,0 only if absent after feature preparation,sequence-derived k-mer composition,False,False,
ACCGA,5-mer,continuous,relative frequency,Normalized relative frequency of the 5-mer ACCGA in the plasmid sequence.,0 only if absent after feature preparation,sequence-derived k-mer composition,False,False,
ACCGC,5-mer,continuous,relative frequency,Normalized relative frequency of the 5-mer ACCGC in the plasmid sequence.,0 only if absent after feature preparation,sequence-derived k-mer composition,False,False,
ACCGG,5-mer,continuous,relative frequency,Normalized relative frequency of the 5-mer ACCGG in the plasmid sequence.,0 only if absent after feature preparation,sequence-derived k-mer composition,False,False,
ACCGT,5-mer,continuous,relative frequency,Normalized relative frequency of the 5-mer ACCGT in the plasmid sequence.,0 only if absent after feature preparation,sequence-derived k-mer composition,False,False,
ACCTA,5-mer,continuous,relative frequency,Normalized relative frequency of the 5-mer ACCTA in the plasmid sequence.,0 only if absent after feature preparation,sequence-derived k-mer composition,False,False,
ACCTC,5-mer,continuous,relative frequency,Normalized relative frequency of the 5-mer ACCTC in the plasmid sequence.,0 only if absent after feature preparation,sequence-derived k-mer composition,False,False,
ACCTG,5-mer,continuous,relative frequency,Normalized relative frequency of the 5-mer ACCTG in the plasmid sequence.,0 only if absent after feature preparation,sequence-derived k-mer composition,False,False,
ACCTT,5-mer,continuous,relative frequency,Normalized relative frequency of the 5-mer ACCTT in the plasmid sequence.,0 only if absent after feature preparation,sequence-derived k-mer composition,False,False,
ACGAA,5-mer,continuous,relative frequency,Normalized relative frequency of the 5-mer ACGAA in the plasmid sequence.,0 only if absent after feature preparation,sequence-derived k-mer composition,False,False,
ACGAC,5-mer,continuous,relative frequency,Normalized relative frequency of the 5-mer ACGAC in the plasmid sequence.,0 only if absent after feature preparation,sequence-derived k-mer composition,False,False,
ACGAG,5-mer,continuous,relative frequency,Normalized relative frequency of the 5-mer ACGAG in the plasmid sequence.,0 only if absent after feature preparation,sequence-derived k-mer composition,False,False,
ACGAT,5-mer,continuous,relative frequency,Normalized relative frequency of the 5-mer ACGAT in the plasmid sequence.,0 only if absent after feature preparation,sequence-derived k-mer composition,False,False,
ACGCA,5-mer,continuous,relative frequency,Normalized relative frequency of the 5-mer ACGCA in the plasmid sequence.,0 only if absent after feature preparation,sequence-derived k-mer composition,False,False,
ACGCC,5-mer,continuous,relative frequency,Normalized relative frequency of the 5-mer ACGCC in the plasmid sequence.,0 only if absent after feature preparation,sequence-derived k-mer composition,False,False,
ACGCG,5-mer,continuous,relative frequency,Normalized relative frequency of the 5-mer ACGCG in the plasmid sequence.,0 only if absent after feature preparation,sequence-derived k-mer composition,False,False,
ACGCT,5-mer,continuous,relative frequency,Normalized relative frequency of the 5-mer ACGCT in the plasmid sequence.,0 only if absent after feature preparation,sequence-derived k-mer composition,False,False,
ACGGA,5-mer,continuous,relative frequency,Normalized relative frequency of the 5-mer ACGGA in the plasmid sequence.,0 only if absent after feature preparation,sequence-derived k-mer composition,False,False,
ACGGC,5-mer,continuous,relative frequency,Normalized relative frequency of the 5-mer ACGGC in the plasmid sequence.,0 only if absent after feature preparation,sequence-derived k-mer composition,False,False,
ACGGG,5-mer,continuous,relative frequency,Normalized relative frequency of the 5-mer ACGGG in the plasmid sequence.,0 only if absent after feature preparation,sequence-derived k-mer composition,False,False,
ACGGT,5-mer,continuous,relative frequency,Normalized relative frequency of the 5-mer ACGGT in the plasmid sequence.,0 only if absent after feature preparation,sequence-derived k-mer composition,False,False,
ACGTA,5-mer,continuous,relative frequency,Normalized relative frequency of the 5-mer ACGTA in the plasmid sequence.,0 only if absent after feature preparation,sequence-derived k-mer composition,False,False,
ACGTC,5-mer,continuous,relative frequency,Normalized relative frequency of the 5-mer ACGTC in the plasmid sequence.,0 only if absent after feature preparation,sequence-derived k-mer composition,False,False,
ACGTG,5-mer,continuous,relative frequency,Normalized relative frequency of the 5-mer ACGTG in the plasmid sequence.,0 only if absent after feature preparation,sequence-derived k-mer composition,False,False,
ACGTT,5-mer,continuous,relative frequency,Normalized relative frequency of the 5-mer ACGTT in the plasmid sequence.,0 only if absent after feature preparation,sequence-derived k-mer composition,False,False,
ACTAA,5-mer,continuous,relative frequency,Normalized relative frequency of the 5-mer ACTAA in the plasmid sequence.,0 only if absent after feature preparation,sequence-derived k-mer composition,False,False,
ACTAC,5-mer,continuous,relative frequency,Normalized relative frequency of the 5-mer ACTAC in the plasmid sequence.,0 only if absent after feature preparation,sequence-derived k-mer composition,False,False,
ACTAG,5-mer,continuous,relative frequency,Normalized relative frequency of the 5-mer ACTAG in the plasmid sequence.,0 only if absent after feature preparation,sequence-derived k-mer composition,False,False,
ACTAT,5-mer,continuous,relative frequency,Normalized relative frequency of the 5-mer ACTAT in the plasmid sequence.,0 only if absent after feature preparation,sequence-derived k-mer composition,False,False,
ACTCA,5-mer,continuous,relative frequency,Normalized relative frequency of the 5-mer ACTCA in the plasmid sequence.,0 only if absent after feature preparation,sequence-derived k-mer composition,False,False,
ACTCC,5-mer,continuous,relative frequency,Normalized relative frequency of the 5-mer ACTCC in the plasmid sequence.,0 only if absent after feature preparation,sequence-derived k-mer composition,False,False,
ACTCG,5-mer,continuous,relative frequency,Normalized relative frequency of the 5-mer ACTCG in the plasmid sequence.,0 only if absent after feature preparation,sequence-derived k-mer composition,False,False,
ACTCT,5-mer,continuous,relative frequency,Normalized relative frequency of the 5-mer ACTCT in the plasmid sequence.,0 only if absent after feature preparation,sequence-derived k-mer composition,False,False,
ACTGA,5-mer,continuous,relative frequency,Normalized relative frequency of the 5-mer ACTGA in the plasmid sequence.,0 only if absent after feature preparation,sequence-derived k-mer composition,False,False,
ACTGC,5-mer,continuous,relative frequency,Normalized relative frequency of the 5-mer ACTGC in the plasmid sequence.,0 only if absent after feature preparation,sequence-derived k-mer composition,False,False,
ACTGG,5-mer,continuous,relative frequency,Normalized relative frequency of the 5-mer ACTGG in the plasmid sequence.,0 only if absent after feature preparation,sequence-derived k-mer composition,False,False,
ACTGT,5-mer,continuous,relative frequency,Normalized relative frequency of the 5-mer ACTGT in the plasmid sequence.,0 only if absent after feature preparation,sequence-derived k-mer composition,False,False,
ACTTA,5-mer,continuous,relative frequency,Normalized relative frequency of the 5-mer ACTTA in the plasmid sequence.,0 only if absent after feature preparation,sequence-derived k-mer composition,False,False,
ACTTC,5-mer,continuous,relative frequency,Normalized relative frequency of the 5-mer ACTTC in the plasmid sequence.,0 only if absent after feature preparation,sequence-derived k-mer composition,False,False,
ACTTG,5-mer,continuous,relative frequency,Normalized relative frequency of the 5-mer ACTTG in the plasmid sequence.,0 only if absent after feature preparation,sequence-derived k-mer composition,False,False,
ACTTT,5-mer,continuous,relative frequency,Normalized relative frequency of the 5-mer ACTTT in the plasmid sequence.,0 only if absent after feature preparation,sequence-derived k-mer composition,False,False,
AGAAA,5-mer,continuous,relative frequency,Normalized relative frequency of the 5-mer AGAAA in the plasmid sequence.,0 only if absent after feature preparation,sequence-derived k-mer composition,False,False,
AGAAC,5-mer,continuous,relative frequency,Normalized relative frequency of the 5-mer AGAAC in the plasmid sequence.,0 only if absent after feature preparation,sequence-derived k-mer composition,False,False,
AGAAG,5-mer,continuous,relative frequency,Normalized relative frequency of the 5-mer AGAAG in the plasmid sequence.,0 only if absent after feature preparation,sequence-derived k-mer composition,False,False,
AGAAT,5-mer,continuous,relative frequency,Normalized relative frequency of the 5-mer AGAAT in the plasmid sequence.,0 only if absent after feature preparation,sequence-derived k-mer composition,False,False,
AGACA,5-mer,continuous,relative frequency,Normalized relative frequency of the 5-mer AGACA in the plasmid sequence.,0 only if absent after feature preparation,sequence-derived k-mer composition,False,False,
AGACC,5-mer,continuous,relative frequency,Normalized relative frequency of the 5-mer AGACC in the plasmid sequence.,0 only if absent after feature preparation,sequence-derived k-mer composition,False,False,
AGACG,5-mer,continuous,relative frequency,Normalized relative frequency of the 5-mer AGACG in the plasmid sequence.,0 only if absent after feature preparation,sequence-derived k-mer composition,False,False,
AGACT,5-mer,continuous,relative frequency,Normalized relative frequency of the 5-mer AGACT in the plasmid sequence.,0 only if absent after feature preparation,sequence-derived k-mer composition,False,False,
AGAGA,5-mer,continuous,relative frequency,Normalized relative frequency of the 5-mer AGAGA in the plasmid sequence.,0 only if absent after feature preparation,sequence-derived k-mer composition,False,False,
AGAGC,5-mer,continuous,relative frequency,Normalized relative frequency of the 5-mer AGAGC in the plasmid sequence.,0 only if absent after feature preparation,sequence-derived k-mer composition,False,False,
AGAGG,5-mer,continuous,relative frequency,Normalized relative frequency of the 5-mer AGAGG in the plasmid sequence.,0 only if absent after feature preparation,sequence-derived k-mer composition,False,False,
AGAGT,5-mer,continuous,relative frequency,Normalized relative frequency of the 5-mer AGAGT in the plasmid sequence.,0 only if absent after feature preparation,sequence-derived k-mer composition,False,False,
AGATA,5-mer,continuous,relative frequency,Normalized relative frequency of the 5-mer AGATA in the plasmid sequence.,0 only if absent after feature preparation,sequence-derived k-mer composition,False,False,
AGATC,5-mer,continuous,relative frequency,Normalized relative frequency of the 5-mer AGATC in the plasmid sequence.,0 only if absent after feature preparation,sequence-derived k-mer composition,False,False,
AGATG,5-mer,continuous,relative frequency,Normalized relative frequency of the 5-mer AGATG in the plasmid sequence.,0 only if absent after feature preparation,sequence-derived k-mer composition,False,False,
AGATT,5-mer,continuous,relative frequency,Normalized relative frequency of the 5-mer AGATT in the plasmid sequence.,0 only if absent after feature preparation,sequence-derived k-mer composition,False,False,
AGCAA,5-mer,continuous,relative frequency,Normalized relative frequency of the 5-mer AGCAA in the plasmid sequence.,0 only if absent after feature preparation,sequence-derived k-mer composition,False,False,
AGCAC,5-mer,continuous,relative frequency,Normalized relative frequency of the 5-mer AGCAC in the plasmid sequence.,0 only if absent after feature preparation,sequence-derived k-mer composition,False,False,
AGCAG,5-mer,continuous,relative frequency,Normalized relative frequency of the 5-mer AGCAG in the plasmid sequence.,0 only if absent after feature preparation,sequence-derived k-mer composition,False,False,
AGCAT,5-mer,continuous,relative frequency,Normalized relative frequency of the 5-mer AGCAT in the plasmid sequence.,0 only if absent after feature preparation,sequence-derived k-mer composition,False,False,
AGCCA,5-mer,continuous,relative frequency,Normalized relative frequency of the 5-mer AGCCA in the plasmid sequence.,0 only if absent after feature preparation,sequence-derived k-mer composition,False,False,
AGCCC,5-mer,continuous,relative frequency,Normalized relative frequency of the 5-mer AGCCC in the plasmid sequence.,0 only if absent after feature preparation,sequence-derived k-mer composition,False,False,
AGCCG,5-mer,continuous,relative frequency,Normalized relative frequency of the 5-mer AGCCG in the plasmid sequence.,0 only if absent after feature preparation,sequence-derived k-mer composition,False,False,
AGCCT,5-mer,continuous,relative frequency,Normalized relative frequency of the 5-mer AGCCT in the plasmid sequence.,0 only if absent after feature preparation,sequence-derived k-mer composition,False,False,
AGCGA,5-mer,continuous,relative frequency,Normalized relative frequency of the 5-mer AGCGA in the plasmid sequence.,0 only if absent after feature preparation,sequence-derived k-mer composition,False,False,
AGCGC,5-mer,continuous,relative frequency,Normalized relative frequency of the 5-mer AGCGC in the plasmid sequence.,0 only if absent after feature preparation,sequence-derived k-mer composition,False,False,
AGCGG,5-mer,continuous,relative frequency,Normalized relative frequency of the 5-mer AGCGG in the plasmid sequence.,0 only if absent after feature preparation,sequence-derived k-mer composition,False,False,
AGCGT,5-mer,continuous,relative frequency,Normalized relative frequency of the 5-mer AGCGT in the plasmid sequence.,0 only if absent after feature preparation,sequence-derived k-mer composition,False,False,
AGCTA,5-mer,continuous,relative frequency,Normalized relative frequency of the 5-mer AGCTA in the plasmid sequence.,0 only if absent after feature preparation,sequence-derived k-mer composition,False,False,
AGCTC,5-mer,continuous,relative frequency,Normalized relative frequency of the 5-mer AGCTC in the plasmid sequence.,0 only if absent after feature preparation,sequence-derived k-mer composition,False,False,
AGCTG,5-mer,continuous,relative frequency,Normalized relative frequency of the 5-mer AGCTG in the plasmid sequence.,0 only if absent after feature preparation,sequence-derived k-mer composition,False,False,
AGCTT,5-mer,continuous,relative frequency,Normalized relative frequency of the 5-mer AGCTT in the plasmid sequence.,0 only if absent after feature preparation,sequence-derived k-mer composition,False,False,
AGGAA,5-mer,continuous,relative frequency,Normalized relative frequency of the 5-mer AGGAA in the plasmid sequence.,0 only if absent after feature preparation,sequence-derived k-mer composition,False,False,
AGGAC,5-mer,continuous,relative frequency,Normalized relative frequency of the 5-mer AGGAC in the plasmid sequence.,0 only if absent after feature preparation,sequence-derived k-mer composition,False,False,
AGGAG,5-mer,continuous,relative frequency,Normalized relative frequency of the 5-mer AGGAG in the plasmid sequence.,0 only if absent after feature preparation,sequence-derived k-mer composition,False,False,
AGGAT,5-mer,continuous,relative frequency,Normalized relative frequency of the 5-mer AGGAT in the plasmid sequence.,0 only if absent after feature preparation,sequence-derived k-mer composition,False,False,
AGGCA,5-mer,continuous,relative frequency,Normalized relative frequency of the 5-mer AGGCA in the plasmid sequence.,0 only if absent after feature preparation,sequence-derived k-mer composition,False,False,
AGGCC,5-mer,continuous,relative frequency,Normalized relative frequency of the 5-mer AGGCC in the plasmid sequence.,0 only if absent after feature preparation,sequence-derived k-mer composition,False,False,
AGGCG,5-mer,continuous,relative frequency,Normalized relative frequency of the 5-mer AGGCG in the plasmid sequence.,0 only if absent after feature preparation,sequence-derived k-mer composition,False,False,
AGGCT,5-mer,continuous,relative frequency,Normalized relative frequency of the 5-mer AGGCT in the plasmid sequence.,0 only if absent after feature preparation,sequence-derived k-mer composition,False,False,
AGGGA,5-mer,continuous,relative frequency,Normalized relative frequency of the 5-mer AGGGA in the plasmid sequence.,0 only if absent after feature preparation,sequence-derived k-mer composition,False,False,
AGGGC,5-mer,continuous,relative frequency,Normalized relative frequency of the 5-mer AGGGC in the plasmid sequence.,0 only if absent after feature preparation,sequence-derived k-mer composition,False,False,
AGGGG,5-mer,continuous,relative frequency,Normalized relative frequency of the 5-mer AGGGG in the plasmid sequence.,0 only if absent after feature preparation,sequence-derived k-mer composition,False,False,
AGGGT,5-mer,continuous,relative frequency,Normalized relative frequency of the 5-mer AGGGT in the plasmid sequence.,0 only if absent after feature preparation,sequence-derived k-mer composition,False,False,
AGGTA,5-mer,continuous,relative frequency,Normalized relative frequency of the 5-mer AGGTA in the plasmid sequence.,0 only if absent after feature preparation,sequence-derived k-mer composition,False,False,
AGGTC,5-mer,continuous,relative frequency,Normalized relative frequency of the 5-mer AGGTC in the plasmid sequence.,0 only if absent after feature preparation,sequence-derived k-mer composition,False,False,
AGGTG,5-mer,continuous,relative frequency,Normalized relative frequency of the 5-mer AGGTG in the plasmid sequence.,0 only if absent after feature preparation,sequence-derived k-mer composition,False,False,
AGGTT,5-mer,continuous,relative frequency,Normalized relative frequency of the 5-mer AGGTT in the plasmid sequence.,0 only if absent after feature preparation,sequence-derived k-mer composition,False,False,
AGTAA,5-mer,continuous,relative frequency,Normalized relative frequency of the 5-mer AGTAA in the plasmid sequence.,0 only if absent after feature preparation,sequence-derived k-mer composition,False,False,
AGTAC,5-mer,continuous,relative frequency,Normalized relative frequency of the 5-mer AGTAC in the plasmid sequence.,0 only if absent after feature preparation,sequence-derived k-mer composition,False,False,
AGTAG,5-mer,continuous,relative frequency,Normalized relative frequency of the 5-mer AGTAG in the plasmid sequence.,0 only if absent after feature preparation,sequence-derived k-mer composition,False,False,
AGTAT,5-mer,continuous,relative frequency,Normalized relative frequency of the 5-mer AGTAT in the plasmid sequence.,0 only if absent after feature preparation,sequence-derived k-mer composition,False,False,
AGTCA,5-mer,continuous,relative frequency,Normalized relative frequency of the 5-mer AGTCA in the plasmid sequence.,0 only if absent after feature preparation,sequence-derived k-mer composition,False,False,
AGTCC,5-mer,continuous,relative frequency,Normalized relative frequency of the 5-mer AGTCC in the plasmid sequence.,0 only if absent after feature preparation,sequence-derived k-mer composition,False,False,
AGTCG,5-mer,continuous,relative frequency,Normalized relative frequency of the 5-mer AGTCG in the plasmid sequence.,0 only if absent after feature preparation,sequence-derived k-mer composition,False,False,
AGTCT,5-mer,continuous,relative frequency,Normalized relative frequency of the 5-mer AGTCT in the plasmid sequence.,0 only if absent after feature preparation,sequence-derived k-mer composition,False,False,
AGTGA,5-mer,continuous,relative frequency,Normalized relative frequency of the 5-mer AGTGA in the plasmid sequence.,0 only if absent after feature preparation,sequence-derived k-mer composition,False,False,
AGTGC,5-mer,continuous,relative frequency,Normalized relative frequency of the 5-mer AGTGC in the plasmid sequence.,0 only if absent after feature preparation,sequence-derived k-mer composition,False,False,
AGTGG,5-mer,continuous,relative frequency,Normalized relative frequency of the 5-mer AGTGG in the plasmid sequence.,0 only if absent after feature preparation,sequence-derived k-mer composition,False,False,
AGTGT,5-mer,continuous,relative frequency,Normalized relative frequency of the 5-mer AGTGT in the plasmid sequence.,0 only if absent after feature preparation,sequence-derived k-mer composition,False,False,
AGTTA,5-mer,continuous,relative frequency,Normalized relative frequency of the 5-mer AGTTA in the plasmid sequence.,0 only if absent after feature preparation,sequence-derived k-mer composition,False,False,
AGTTC,5-mer,continuous,relative frequency,Normalized relative frequency of the 5-mer AGTTC in the plasmid sequence.,0 only if absent after feature preparation,sequence-derived k-mer composition,False,False,
AGTTG,5-mer,continuous,relative frequency,Normalized relative frequency of the 5-mer AGTTG in the plasmid sequence.,0 only if absent after feature preparation,sequence-derived k-mer composition,False,False,
AGTTT,5-mer,continuous,relative frequency,Normalized relative frequency of the 5-mer AGTTT in the plasmid sequence.,0 only if absent after feature preparation,sequence-derived k-mer composition,False,False,
ATAAA,5-mer,continuous,relative frequency,Normalized relative frequency of the 5-mer ATAAA in the plasmid sequence.,0 only if absent after feature preparation,sequence-derived k-mer composition,False,False,
ATAAC,5-mer,continuous,relative frequency,Normalized relative frequency of the 5-mer ATAAC in the plasmid sequence.,0 only if absent after feature preparation,sequence-derived k-mer composition,False,False,
ATAAG,5-mer,continuous,relative frequency,Normalized relative frequency of the 5-mer ATAAG in the plasmid sequence.,0 only if absent after feature preparation,sequence-derived k-mer composition,False,False,
ATAAT,5-mer,continuous,relative frequency,Normalized relative frequency of the 5-mer ATAAT in the plasmid sequence.,0 only if absent after feature preparation,sequence-derived k-mer composition,False,False,
ATACA,5-mer,continuous,relative frequency,Normalized relative frequency of the 5-mer ATACA in the plasmid sequence.,0 only if absent after feature preparation,sequence-derived k-mer composition,False,False,
ATACC,5-mer,continuous,relative frequency,Normalized relative frequency of the 5-mer ATACC in the plasmid sequence.,0 only if absent after feature preparation,sequence-derived k-mer composition,False,False,
ATACG,5-mer,continuous,relative frequency,Normalized relative frequency of the 5-mer ATACG in the plasmid sequence.,0 only if absent after feature preparation,sequence-derived k-mer composition,False,False,
ATACT,5-mer,continuous,relative frequency,Normalized relative frequency of the 5-mer ATACT in the plasmid sequence.,0 only if absent after feature preparation,sequence-derived k-mer composition,False,False,
ATAGA,5-mer,continuous,relative frequency,Normalized relative frequency of the 5-mer ATAGA in the plasmid sequence.,0 only if absent after feature preparation,sequence-derived k-mer composition,False,False,
ATAGC,5-mer,continuous,relative frequency,Normalized relative frequency of the 5-mer ATAGC in the plasmid sequence.,0 only if absent after feature preparation,sequence-derived k-mer composition,False,False,
ATAGG,5-mer,continuous,relative frequency,Normalized relative frequency of the 5-mer ATAGG in the plasmid sequence.,0 only if absent after feature preparation,sequence-derived k-mer composition,False,False,
ATAGT,5-mer,continuous,relative frequency,Normalized relative frequency of the 5-mer ATAGT in the plasmid sequence.,0 only if absent after feature preparation,sequence-derived k-mer composition,False,False,
ATATA,5-mer,continuous,relative frequency,Normalized relative frequency of the 5-mer ATATA in the plasmid sequence.,0 only if absent after feature preparation,sequence-derived k-mer composition,False,False,
ATATC,5-mer,continuous,relative frequency,Normalized relative frequency of the 5-mer ATATC in the plasmid sequence.,0 only if absent after feature preparation,sequence-derived k-mer composition,False,False,
ATATG,5-mer,continuous,relative frequency,Normalized relative frequency of the 5-mer ATATG in the plasmid sequence.,0 only if absent after feature preparation,sequence-derived k-mer composition,False,False,
ATATT,5-mer,continuous,relative frequency,Normalized relative frequency of the 5-mer ATATT in the plasmid sequence.,0 only if absent after feature preparation,sequence-derived k-mer composition,False,False,
ATCAA,5-mer,continuous,relative frequency,Normalized relative frequency of the 5-mer ATCAA in the plasmid sequence.,0 only if absent after feature preparation,sequence-derived k-mer composition,False,False,
ATCAC,5-mer,continuous,relative frequency,Normalized relative frequency of the 5-mer ATCAC in the plasmid sequence.,0 only if absent after feature preparation,sequence-derived k-mer composition,False,False,
ATCAG,5-mer,continuous,relative frequency,Normalized relative frequency of the 5-mer ATCAG in the plasmid sequence.,0 only if absent after feature preparation,sequence-derived k-mer composition,False,False,
ATCAT,5-mer,continuous,relative frequency,Normalized relative frequency of the 5-mer ATCAT in the plasmid sequence.,0 only if absent after feature preparation,sequence-derived k-mer composition,False,False,
ATCCA,5-mer,continuous,relative frequency,Normalized relative frequency of the 5-mer ATCCA in the plasmid sequence.,0 only if absent after feature preparation,sequence-derived k-mer composition,False,False,
ATCCC,5-mer,continuous,relative frequency,Normalized relative frequency of the 5-mer ATCCC in the plasmid sequence.,0 only if absent after feature preparation,sequence-derived k-mer composition,False,False,
ATCCG,5-mer,continuous,relative frequency,Normalized relative frequency of the 5-mer ATCCG in the plasmid sequence.,0 only if absent after feature preparation,sequence-derived k-mer composition,False,False,
ATCCT,5-mer,continuous,relative frequency,Normalized relative frequency of the 5-mer ATCCT in the plasmid sequence.,0 only if absent after feature preparation,sequence-derived k-mer composition,False,False,
ATCGA,5-mer,continuous,relative frequency,Normalized relative frequency of the 5-mer ATCGA in the plasmid sequence.,0 only if absent after feature preparation,sequence-derived k-mer composition,False,False,
ATCGC,5-mer,continuous,relative frequency,Normalized relative frequency of the 5-mer ATCGC in the plasmid sequence.,0 only if absent after feature preparation,sequence-derived k-mer composition,False,False,
ATCGG,5-mer,continuous,relative frequency,Normalized relative frequency of the 5-mer ATCGG in the plasmid sequence.,0 only if absent after feature preparation,sequence-derived k-mer composition,False,False,
ATCGT,5-mer,continuous,relative frequency,Normalized relative frequency of the 5-mer ATCGT in the plasmid sequence.,0 only if absent after feature preparation,sequence-derived k-mer composition,False,False,
ATCTA,5-mer,continuous,relative frequency,Normalized relative frequency of the 5-mer ATCTA in the plasmid sequence.,0 only if absent after feature preparation,sequence-derived k-mer composition,False,False,
ATCTC,5-mer,continuous,relative frequency,Normalized relative frequency of the 5-mer ATCTC in the plasmid sequence.,0 only if absent after feature preparation,sequence-derived k-mer composition,False,False,
ATCTG,5-mer,continuous,relative frequency,Normalized relative frequency of the 5-mer ATCTG in the plasmid sequence.,0 only if absent after feature preparation,sequence-derived k-mer composition,False,False,
ATCTT,5-mer,continuous,relative frequency,Normalized relative frequency of the 5-mer ATCTT in the plasmid sequence.,0 only if absent after feature preparation,sequence-derived k-mer composition,False,False,
ATGAA,5-mer,continuous,relative frequency,Normalized relative frequency of the 5-mer ATGAA in the plasmid sequence.,0 only if absent after feature preparation,sequence-derived k-mer composition,False,False,
ATGAC,5-mer,continuous,relative frequency,Normalized relative frequency of the 5-mer ATGAC in the plasmid sequence.,0 only if absent after feature preparation,sequence-derived k-mer composition,False,False,
ATGAG,5-mer,continuous,relative frequency,Normalized relative frequency of the 5-mer ATGAG in the plasmid sequence.,0 only if absent after feature preparation,sequence-derived k-mer composition,False,False,
ATGAT,5-mer,continuous,relative frequency,Normalized relative frequency of the 5-mer ATGAT in the plasmid sequence.,0 only if absent after feature preparation,sequence-derived k-mer composition,False,False,
ATGCA,5-mer,continuous,relative frequency,Normalized relative frequency of the 5-mer ATGCA in the plasmid sequence.,0 only if absent after feature preparation,sequence-derived k-mer composition,False,False,
ATGCC,5-mer,continuous,relative frequency,Normalized relative frequency of the 5-mer ATGCC in the plasmid sequence.,0 only if absent after feature preparation,sequence-derived k-mer composition,False,False,
ATGCG,5-mer,continuous,relative frequency,Normalized relative frequency of the 5-mer ATGCG in the plasmid sequence.,0 only if absent after feature preparation,sequence-derived k-mer composition,False,False,
ATGCT,5-mer,continuous,relative frequency,Normalized relative frequency of the 5-mer ATGCT in the plasmid sequence.,0 only if absent after feature preparation,sequence-derived k-mer composition,False,False,
ATGGA,5-mer,continuous,relative frequency,Normalized relative frequency of the 5-mer ATGGA in the plasmid sequence.,0 only if absent after feature preparation,sequence-derived k-mer composition,False,False,
ATGGC,5-mer,continuous,relative frequency,Normalized relative frequency of the 5-mer ATGGC in the plasmid sequence.,0 only if absent after feature preparation,sequence-derived k-mer composition,False,False,
ATGGG,5-mer,continuous,relative frequency,Normalized relative frequency of the 5-mer ATGGG in the plasmid sequence.,0 only if absent after feature preparation,sequence-derived k-mer composition,False,False,
ATGGT,5-mer,continuous,relative frequency,Normalized relative frequency of the 5-mer ATGGT in the plasmid sequence.,0 only if absent after feature preparation,sequence-derived k-mer composition,False,False,
ATGTA,5-mer,continuous,relative frequency,Normalized relative frequency of the 5-mer ATGTA in the plasmid sequence.,0 only if absent after feature preparation,sequence-derived k-mer composition,False,False,
ATGTC,5-mer,continuous,relative frequency,Normalized relative frequency of the 5-mer ATGTC in the plasmid sequence.,0 only if absent after feature preparation,sequence-derived k-mer composition,False,False,
ATGTG,5-mer,continuous,relative frequency,Normalized relative frequency of the 5-mer ATGTG in the plasmid sequence.,0 only if absent after feature preparation,sequence-derived k-mer composition,False,False,
ATGTT,5-mer,continuous,relative frequency,Normalized relative frequency of the 5-mer ATGTT in the plasmid sequence.,0 only if absent after feature preparation,sequence-derived k-mer composition,False,False,
ATTAA,5-mer,continuous,relative frequency,Normalized relative frequency of the 5-mer ATTAA in the plasmid sequence.,0 only if absent after feature preparation,sequence-derived k-mer composition,False,False,
ATTAC,5-mer,continuous,relative frequency,Normalized relative frequency of the 5-mer ATTAC in the plasmid sequence.,0 only if absent after feature preparation,sequence-derived k-mer composition,False,False,
ATTAG,5-mer,continuous,relative frequency,Normalized relative frequency of the 5-mer ATTAG in the plasmid sequence.,0 only if absent after feature preparation,sequence-derived k-mer composition,False,False,
ATTAT,5-mer,continuous,relative frequency,Normalized relative frequency of the 5-mer ATTAT in the plasmid sequence.,0 only if absent after feature preparation,sequence-derived k-mer composition,False,False,
ATTCA,5-mer,continuous,relative frequency,Normalized relative frequency of the 5-mer ATTCA in the plasmid sequence.,0 only if absent after feature preparation,sequence-derived k-mer composition,False,False,
ATTCC,5-mer,continuous,relative frequency,Normalized relative frequency of the 5-mer ATTCC in the plasmid sequence.,0 only if absent after feature preparation,sequence-derived k-mer composition,False,False,
ATTCG,5-mer,continuous,relative frequency,Normalized relative frequency of the 5-mer ATTCG in the plasmid sequence.,0 only if absent after feature preparation,sequence-derived k-mer composition,False,False,
ATTCT,5-mer,continuous,relative frequency,Normalized relative frequency of the 5-mer ATTCT in the plasmid sequence.,0 only if absent after feature preparation,sequence-derived k-mer composition,False,False,
ATTGA,5-mer,continuous,relative frequency,Normalized relative frequency of the 5-mer ATTGA in the plasmid sequence.,0 only if absent after feature preparation,sequence-derived k-mer composition,False,False,
ATTGC,5-mer,continuous,relative frequency,Normalized relative frequency of the 5-mer ATTGC in the plasmid sequence.,0 only if absent after feature preparation,sequence-derived k-mer composition,False,False,
ATTGG,5-mer,continuous,relative frequency,Normalized relative frequency of the 5-mer ATTGG in the plasmid sequence.,0 only if absent after feature preparation,sequence-derived k-mer composition,False,False,
ATTGT,5-mer,continuous,relative frequency,Normalized relative frequency of the 5-mer ATTGT in the plasmid sequence.,0 only if absent after feature preparation,sequence-derived k-mer composition,False,False,
ATTTA,5-mer,continuous,relative frequency,Normalized relative frequency of the 5-mer ATTTA in the plasmid sequence.,0 only if absent after feature preparation,sequence-derived k-mer composition,False,False,
ATTTC,5-mer,continuous,relative frequency,Normalized relative frequency of the 5-mer ATTTC in the plasmid sequence.,0 only if absent after feature preparation,sequence-derived k-mer composition,False,False,
ATTTG,5-mer,continuous,relative frequency,Normalized relative frequency of the 5-mer ATTTG in the plasmid sequence.,0 only if absent after feature preparation,sequence-derived k-mer composition,False,False,
ATTTT,5-mer,continuous,relative frequency,Normalized relative frequency of the 5-mer ATTTT in the plasmid sequence.,0 only if absent after feature preparation,sequence-derived k-mer composition,False,False,
CAAAA,5-mer,continuous,relative frequency,Normalized relative frequency of the 5-mer CAAAA in the plasmid sequence.,0 only if absent after feature preparation,sequence-derived k-mer composition,False,False,
CAAAC,5-mer,continuous,relative frequency,Normalized relative frequency of the 5-mer CAAAC in the plasmid sequence.,0 only if absent after feature preparation,sequence-derived k-mer composition,False,False,
CAAAG,5-mer,continuous,relative frequency,Normalized relative frequency of the 5-mer CAAAG in the plasmid sequence.,0 only if absent after feature preparation,sequence-derived k-mer composition,False,False,
CAAAT,5-mer,continuous,relative frequency,Normalized relative frequency of the 5-mer CAAAT in the plasmid sequence.,0 only if absent after feature preparation,sequence-derived k-mer composition,False,False,
CAACA,5-mer,continuous,relative frequency,Normalized relative frequency of the 5-mer CAACA in the plasmid sequence.,0 only if absent after feature preparation,sequence-derived k-mer composition,False,False,
CAACC,5-mer,continuous,relative frequency,Normalized relative frequency of the 5-mer CAACC in the plasmid sequence.,0 only if absent after feature preparation,sequence-derived k-mer composition,False,False,
CAACG,5-mer,continuous,relative frequency,Normalized relative frequency of the 5-mer CAACG in the plasmid sequence.,0 only if absent after feature preparation,sequence-derived k-mer composition,False,False,
CAACT,5-mer,continuous,relative frequency,Normalized relative frequency of the 5-mer CAACT in the plasmid sequence.,0 only if absent after feature preparation,sequence-derived k-mer composition,False,False,
CAAGA,5-mer,continuous,relative frequency,Normalized relative frequency of the 5-mer CAAGA in the plasmid sequence.,0 only if absent after feature preparation,sequence-derived k-mer composition,False,False,
CAAGC,5-mer,continuous,relative frequency,Normalized relative frequency of the 5-mer CAAGC in the plasmid sequence.,0 only if absent after feature preparation,sequence-derived k-mer composition,False,False,
CAAGG,5-mer,continuous,relative frequency,Normalized relative frequency of the 5-mer CAAGG in the plasmid sequence.,0 only if absent after feature preparation,sequence-derived k-mer composition,False,False,
CAAGT,5-mer,continuous,relative frequency,Normalized relative frequency of the 5-mer CAAGT in the plasmid sequence.,0 only if absent after feature preparation,sequence-derived k-mer composition,False,False,
CAATA,5-mer,continuous,relative frequency,Normalized relative frequency of the 5-mer CAATA in the plasmid sequence.,0 only if absent after feature preparation,sequence-derived k-mer composition,False,False,
CAATC,5-mer,continuous,relative frequency,Normalized relative frequency of the 5-mer CAATC in the plasmid sequence.,0 only if absent after feature preparation,sequence-derived k-mer composition,False,False,
CAATG,5-mer,continuous,relative frequency,Normalized relative frequency of the 5-mer CAATG in the plasmid sequence.,0 only if absent after feature preparation,sequence-derived k-mer composition,False,False,
CAATT,5-mer,continuous,relative frequency,Normalized relative frequency of the 5-mer CAATT in the plasmid sequence.,0 only if absent after feature preparation,sequence-derived k-mer composition,False,False,
CACAA,5-mer,continuous,relative frequency,Normalized relative frequency of the 5-mer CACAA in the plasmid sequence.,0 only if absent after feature preparation,sequence-derived k-mer composition,False,False,
CACAC,5-mer,continuous,relative frequency,Normalized relative frequency of the 5-mer CACAC in the plasmid sequence.,0 only if absent after feature preparation,sequence-derived k-mer composition,False,False,
CACAG,5-mer,continuous,relative frequency,Normalized relative frequency of the 5-mer CACAG in the plasmid sequence.,0 only if absent after feature preparation,sequence-derived k-mer composition,False,False,
CACAT,5-mer,continuous,relative frequency,Normalized relative frequency of the 5-mer CACAT in the plasmid sequence.,0 only if absent after feature preparation,sequence-derived k-mer composition,False,False,
CACCA,5-mer,continuous,relative frequency,Normalized relative frequency of the 5-mer CACCA in the plasmid sequence.,0 only if absent after feature preparation,sequence-derived k-mer composition,False,False,
CACCC,5-mer,continuous,relative frequency,Normalized relative frequency of the 5-mer CACCC in the plasmid sequence.,0 only if absent after feature preparation,sequence-derived k-mer composition,False,False,
CACCG,5-mer,continuous,relative frequency,Normalized relative frequency of the 5-mer CACCG in the plasmid sequence.,0 only if absent after feature preparation,sequence-derived k-mer composition,False,False,
CACCT,5-mer,continuous,relative frequency,Normalized relative frequency of the 5-mer CACCT in the plasmid sequence.,0 only if absent after feature preparation,sequence-derived k-mer composition,False,False,
CACGA,5-mer,continuous,relative frequency,Normalized relative frequency of the 5-mer CACGA in the plasmid sequence.,0 only if absent after feature preparation,sequence-derived k-mer composition,False,False,
CACGC,5-mer,continuous,relative frequency,Normalized relative frequency of the 5-mer CACGC in the plasmid sequence.,0 only if absent after feature preparation,sequence-derived k-mer composition,False,False,
CACGG,5-mer,continuous,relative frequency,Normalized relative frequency of the 5-mer CACGG in the plasmid sequence.,0 only if absent after feature preparation,sequence-derived k-mer composition,False,False,
CACGT,5-mer,continuous,relative frequency,Normalized relative frequency of the 5-mer CACGT in the plasmid sequence.,0 only if absent after feature preparation,sequence-derived k-mer composition,False,False,
CACTA,5-mer,continuous,relative frequency,Normalized relative frequency of the 5-mer CACTA in the plasmid sequence.,0 only if absent after feature preparation,sequence-derived k-mer composition,False,False,
CACTC,5-mer,continuous,relative frequency,Normalized relative frequency of the 5-mer CACTC in the plasmid sequence.,0 only if absent after feature preparation,sequence-derived k-mer composition,False,False,
CACTG,5-mer,continuous,relative frequency,Normalized relative frequency of the 5-mer CACTG in the plasmid sequence.,0 only if absent after feature preparation,sequence-derived k-mer composition,False,False,
CACTT,5-mer,continuous,relative frequency,Normalized relative frequency of the 5-mer CACTT in the plasmid sequence.,0 only if absent after feature preparation,sequence-derived k-mer composition,False,False,
CAGAA,5-mer,continuous,relative frequency,Normalized relative frequency of the 5-mer CAGAA in the plasmid sequence.,0 only if absent after feature preparation,sequence-derived k-mer composition,False,False,
CAGAC,5-mer,continuous,relative frequency,Normalized relative frequency of the 5-mer CAGAC in the plasmid sequence.,0 only if absent after feature preparation,sequence-derived k-mer composition,False,False,
CAGAG,5-mer,continuous,relative frequency,Normalized relative frequency of the 5-mer CAGAG in the plasmid sequence.,0 only if absent after feature preparation,sequence-derived k-mer composition,False,False,
CAGAT,5-mer,continuous,relative frequency,Normalized relative frequency of the 5-mer CAGAT in the plasmid sequence.,0 only if absent after feature preparation,sequence-derived k-mer composition,False,False,
CAGCA,5-mer,continuous,relative frequency,Normalized relative frequency of the 5-mer CAGCA in the plasmid sequence.,0 only if absent after feature preparation,sequence-derived k-mer composition,False,False,
CAGCC,5-mer,continuous,relative frequency,Normalized relative frequency of the 5-mer CAGCC in the plasmid sequence.,0 only if absent after feature preparation,sequence-derived k-mer composition,False,False,
CAGCG,5-mer,continuous,relative frequency,Normalized relative frequency of the 5-mer CAGCG in the plasmid sequence.,0 only if absent after feature preparation,sequence-derived k-mer composition,False,False,
CAGCT,5-mer,continuous,relative frequency,Normalized relative frequency of the 5-mer CAGCT in the plasmid sequence.,0 only if absent after feature preparation,sequence-derived k-mer composition,False,False,
CAGGA,5-mer,continuous,relative frequency,Normalized relative frequency of the 5-mer CAGGA in the plasmid sequence.,0 only if absent after feature preparation,sequence-derived k-mer composition,False,False,
CAGGC,5-mer,continuous,relative frequency,Normalized relative frequency of the 5-mer CAGGC in the plasmid sequence.,0 only if absent after feature preparation,sequence-derived k-mer composition,False,False,
CAGGG,5-mer,continuous,relative frequency,Normalized relative frequency of the 5-mer CAGGG in the plasmid sequence.,0 only if absent after feature preparation,sequence-derived k-mer composition,False,False,
CAGGT,5-mer,continuous,relative frequency,Normalized relative frequency of the 5-mer CAGGT in the plasmid sequence.,0 only if absent after feature preparation,sequence-derived k-mer composition,False,False,
CAGTA,5-mer,continuous,relative frequency,Normalized relative frequency of the 5-mer CAGTA in the plasmid sequence.,0 only if absent after feature preparation,sequence-derived k-mer composition,False,False,
CAGTC,5-mer,continuous,relative frequency,Normalized relative frequency of the 5-mer CAGTC in the plasmid sequence.,0 only if absent after feature preparation,sequence-derived k-mer composition,False,False,
CAGTG,5-mer,continuous,relative frequency,Normalized relative frequency of the 5-mer CAGTG in the plasmid sequence.,0 only if absent after feature preparation,sequence-derived k-mer composition,False,False,
CAGTT,5-mer,continuous,relative frequency,Normalized relative frequency of the 5-mer CAGTT in the plasmid sequence.,0 only if absent after feature preparation,sequence-derived k-mer composition,False,False,
CATAA,5-mer,continuous,relative frequency,Normalized relative frequency of the 5-mer CATAA in the plasmid sequence.,0 only if absent after feature preparation,sequence-derived k-mer composition,False,False,
CATAC,5-mer,continuous,relative frequency,Normalized relative frequency of the 5-mer CATAC in the plasmid sequence.,0 only if absent after feature preparation,sequence-derived k-mer composition,False,False,
CATAG,5-mer,continuous,relative frequency,Normalized relative frequency of the 5-mer CATAG in the plasmid sequence.,0 only if absent after feature preparation,sequence-derived k-mer composition,False,False,
CATAT,5-mer,continuous,relative frequency,Normalized relative frequency of the 5-mer CATAT in the plasmid sequence.,0 only if absent after feature preparation,sequence-derived k-mer composition,False,False,
CATCA,5-mer,continuous,relative frequency,Normalized relative frequency of the 5-mer CATCA in the plasmid sequence.,0 only if absent after feature preparation,sequence-derived k-mer composition,False,False,
CATCC,5-mer,continuous,relative frequency,Normalized relative frequency of the 5-mer CATCC in the plasmid sequence.,0 only if absent after feature preparation,sequence-derived k-mer composition,False,False,
CATCG,5-mer,continuous,relative frequency,Normalized relative frequency of the 5-mer CATCG in the plasmid sequence.,0 only if absent after feature preparation,sequence-derived k-mer composition,False,False,
CATCT,5-mer,continuous,relative frequency,Normalized relative frequency of the 5-mer CATCT in the plasmid sequence.,0 only if absent after feature preparation,sequence-derived k-mer composition,False,False,
CATGA,5-mer,continuous,relative frequency,Normalized relative frequency of the 5-mer CATGA in the plasmid sequence.,0 only if absent after feature preparation,sequence-derived k-mer composition,False,False,
CATGC,5-mer,continuous,relative frequency,Normalized relative frequency of the 5-mer CATGC in the plasmid sequence.,0 only if absent after feature preparation,sequence-derived k-mer composition,False,False,
CATGG,5-mer,continuous,relative frequency,Normalized relative frequency of the 5-mer CATGG in the plasmid sequence.,0 only if absent after feature preparation,sequence-derived k-mer composition,False,False,
CATGT,5-mer,continuous,relative frequency,Normalized relative frequency of the 5-mer CATGT in the plasmid sequence.,0 only if absent after feature preparation,sequence-derived k-mer composition,False,False,
CATTA,5-mer,continuous,relative frequency,Normalized relative frequency of the 5-mer CATTA in the plasmid sequence.,0 only if absent after feature preparation,sequence-derived k-mer composition,False,False,
CATTC,5-mer,continuous,relative frequency,Normalized relative frequency of the 5-mer CATTC in the plasmid sequence.,0 only if absent after feature preparation,sequence-derived k-mer composition,False,False,
CATTG,5-mer,continuous,relative frequency,Normalized relative frequency of the 5-mer CATTG in the plasmid sequence.,0 only if absent after feature preparation,sequence-derived k-mer composition,False,False,
CATTT,5-mer,continuous,relative frequency,Normalized relative frequency of the 5-mer CATTT in the plasmid sequence.,0 only if absent after feature preparation,sequence-derived k-mer composition,False,False,
CCAAA,5-mer,continuous,relative frequency,Normalized relative frequency of the 5-mer CCAAA in the plasmid sequence.,0 only if absent after feature preparation,sequence-derived k-mer composition,False,False,
CCAAC,5-mer,continuous,relative frequency,Normalized relative frequency of the 5-mer CCAAC in the plasmid sequence.,0 only if absent after feature preparation,sequence-derived k-mer composition,False,False,
CCAAG,5-mer,continuous,relative frequency,Normalized relative frequency of the 5-mer CCAAG in the plasmid sequence.,0 only if absent after feature preparation,sequence-derived k-mer composition,False,False,
CCAAT,5-mer,continuous,relative frequency,Normalized relative frequency of the 5-mer CCAAT in the plasmid sequence.,0 only if absent after feature preparation,sequence-derived k-mer composition,False,False,
CCACA,5-mer,continuous,relative frequency,Normalized relative frequency of the 5-mer CCACA in the plasmid sequence.,0 only if absent after feature preparation,sequence-derived k-mer composition,False,False,
CCACC,5-mer,continuous,relative frequency,Normalized relative frequency of the 5-mer CCACC in the plasmid sequence.,0 only if absent after feature preparation,sequence-derived k-mer composition,False,False,
CCACG,5-mer,continuous,relative frequency,Normalized relative frequency of the 5-mer CCACG in the plasmid sequence.,0 only if absent after feature preparation,sequence-derived k-mer composition,False,False,
CCACT,5-mer,continuous,relative frequency,Normalized relative frequency of the 5-mer CCACT in the plasmid sequence.,0 only if absent after feature preparation,sequence-derived k-mer composition,False,False,
CCAGA,5-mer,continuous,relative frequency,Normalized relative frequency of the 5-mer CCAGA in the plasmid sequence.,0 only if absent after feature preparation,sequence-derived k-mer composition,False,False,
CCAGC,5-mer,continuous,relative frequency,Normalized relative frequency of the 5-mer CCAGC in the plasmid sequence.,0 only if absent after feature preparation,sequence-derived k-mer composition,False,False,
CCAGG,5-mer,continuous,relative frequency,Normalized relative frequency of the 5-mer CCAGG in the plasmid sequence.,0 only if absent after feature preparation,sequence-derived k-mer composition,False,False,
CCAGT,5-mer,continuous,relative frequency,Normalized relative frequency of the 5-mer CCAGT in the plasmid sequence.,0 only if absent after feature preparation,sequence-derived k-mer composition,False,False,
CCATA,5-mer,continuous,relative frequency,Normalized relative frequency of the 5-mer CCATA in the plasmid sequence.,0 only if absent after feature preparation,sequence-derived k-mer composition,False,False,
CCATC,5-mer,continuous,relative frequency,Normalized relative frequency of the 5-mer CCATC in the plasmid sequence.,0 only if absent after feature preparation,sequence-derived k-mer composition,False,False,
CCATG,5-mer,continuous,relative frequency,Normalized relative frequency of the 5-mer CCATG in the plasmid sequence.,0 only if absent after feature preparation,sequence-derived k-mer composition,False,False,
CCATT,5-mer,continuous,relative frequency,Normalized relative frequency of the 5-mer CCATT in the plasmid sequence.,0 only if absent after feature preparation,sequence-derived k-mer composition,False,False,
CCCAA,5-mer,continuous,relative frequency,Normalized relative frequency of the 5-mer CCCAA in the plasmid sequence.,0 only if absent after feature preparation,sequence-derived k-mer composition,False,False,
CCCAC,5-mer,continuous,relative frequency,Normalized relative frequency of the 5-mer CCCAC in the plasmid sequence.,0 only if absent after feature preparation,sequence-derived k-mer composition,False,False,
CCCAG,5-mer,continuous,relative frequency,Normalized relative frequency of the 5-mer CCCAG in the plasmid sequence.,0 only if absent after feature preparation,sequence-derived k-mer composition,False,False,
CCCAT,5-mer,continuous,relative frequency,Normalized relative frequency of the 5-mer CCCAT in the plasmid sequence.,0 only if absent after feature preparation,sequence-derived k-mer composition,False,False,
CCCCA,5-mer,continuous,relative frequency,Normalized relative frequency of the 5-mer CCCCA in the plasmid sequence.,0 only if absent after feature preparation,sequence-derived k-mer composition,False,False,
CCCCC,5-mer,continuous,relative frequency,Normalized relative frequency of the 5-mer CCCCC in the plasmid sequence.,0 only if absent after feature preparation,sequence-derived k-mer composition,False,False,
CCCCG,5-mer,continuous,relative frequency,Normalized relative frequency of the 5-mer CCCCG in the plasmid sequence.,0 only if absent after feature preparation,sequence-derived k-mer composition,False,False,
CCCCT,5-mer,continuous,relative frequency,Normalized relative frequency of the 5-mer CCCCT in the plasmid sequence.,0 only if absent after feature preparation,sequence-derived k-mer composition,False,False,
CCCGA,5-mer,continuous,relative frequency,Normalized relative frequency of the 5-mer CCCGA in the plasmid sequence.,0 only if absent after feature preparation,sequence-derived k-mer composition,False,False,
CCCGC,5-mer,continuous,relative frequency,Normalized relative frequency of the 5-mer CCCGC in the plasmid sequence.,0 only if absent after feature preparation,sequence-derived k-mer composition,False,False,
CCCGG,5-mer,continuous,relative frequency,Normalized relative frequency of the 5-mer CCCGG in the plasmid sequence.,0 only if absent after feature preparation,sequence-derived k-mer composition,False,False,
CCCGT,5-mer,continuous,relative frequency,Normalized relative frequency of the 5-mer CCCGT in the plasmid sequence.,0 only if absent after feature preparation,sequence-derived k-mer composition,False,False,
CCCTA,5-mer,continuous,relative frequency,Normalized relative frequency of the 5-mer CCCTA in the plasmid sequence.,0 only if absent after feature preparation,sequence-derived k-mer composition,False,False,
CCCTC,5-mer,continuous,relative frequency,Normalized relative frequency of the 5-mer CCCTC in the plasmid sequence.,0 only if absent after feature preparation,sequence-derived k-mer composition,False,False,
CCCTG,5-mer,continuous,relative frequency,Normalized relative frequency of the 5-mer CCCTG in the plasmid sequence.,0 only if absent after feature preparation,sequence-derived k-mer composition,False,False,
CCCTT,5-mer,continuous,relative frequency,Normalized relative frequency of the 5-mer CCCTT in the plasmid sequence.,0 only if absent after feature preparation,sequence-derived k-mer composition,False,False,
CCGAA,5-mer,continuous,relative frequency,Normalized relative frequency of the 5-mer CCGAA in the plasmid sequence.,0 only if absent after feature preparation,sequence-derived k-mer composition,False,False,
CCGAC,5-mer,continuous,relative frequency,Normalized relative frequency of the 5-mer CCGAC in the plasmid sequence.,0 only if absent after feature preparation,sequence-derived k-mer composition,False,False,
CCGAG,5-mer,continuous,relative frequency,Normalized relative frequency of the 5-mer CCGAG in the plasmid sequence.,0 only if absent after feature preparation,sequence-derived k-mer composition,False,False,
CCGAT,5-mer,continuous,relative frequency,Normalized relative frequency of the 5-mer CCGAT in the plasmid sequence.,0 only if absent after feature preparation,sequence-derived k-mer composition,False,False,
CCGCA,5-mer,continuous,relative frequency,Normalized relative frequency of the 5-mer CCGCA in the plasmid sequence.,0 only if absent after feature preparation,sequence-derived k-mer composition,False,False,
CCGCC,5-mer,continuous,relative frequency,Normalized relative frequency of the 5-mer CCGCC in the plasmid sequence.,0 only if absent after feature preparation,sequence-derived k-mer composition,False,False,
CCGCG,5-mer,continuous,relative frequency,Normalized relative frequency of the 5-mer CCGCG in the plasmid sequence.,0 only if absent after feature preparation,sequence-derived k-mer composition,False,False,
CCGCT,5-mer,continuous,relative frequency,Normalized relative frequency of the 5-mer CCGCT in the plasmid sequence.,0 only if absent after feature preparation,sequence-derived k-mer composition,False,False,
CCGGA,5-mer,continuous,relative frequency,Normalized relative frequency of the 5-mer CCGGA in the plasmid sequence.,0 only if absent after feature preparation,sequence-derived k-mer composition,False,False,
CCGGC,5-mer,continuous,relative frequency,Normalized relative frequency of the 5-mer CCGGC in the plasmid sequence.,0 only if absent after feature preparation,sequence-derived k-mer composition,False,False,
CCGGG,5-mer,continuous,relative frequency,Normalized relative frequency of the 5-mer CCGGG in the plasmid sequence.,0 only if absent after feature preparation,sequence-derived k-mer composition,False,False,
CCGGT,5-mer,continuous,relative frequency,Normalized relative frequency of the 5-mer CCGGT in the plasmid sequence.,0 only if absent after feature preparation,sequence-derived k-mer composition,False,False,
CCGTA,5-mer,continuous,relative frequency,Normalized relative frequency of the 5-mer CCGTA in the plasmid sequence.,0 only if absent after feature preparation,sequence-derived k-mer composition,False,False,
CCGTC,5-mer,continuous,relative frequency,Normalized relative frequency of the 5-mer CCGTC in the plasmid sequence.,0 only if absent after feature preparation,sequence-derived k-mer composition,False,False,
CCGTG,5-mer,continuous,relative frequency,Normalized relative frequency of the 5-mer CCGTG in the plasmid sequence.,0 only if absent after feature preparation,sequence-derived k-mer composition,False,False,
CCGTT,5-mer,continuous,relative frequency,Normalized relative frequency of the 5-mer CCGTT in the plasmid sequence.,0 only if absent after feature preparation,sequence-derived k-mer composition,False,False,
CCTAA,5-mer,continuous,relative frequency,Normalized relative frequency of the 5-mer CCTAA in the plasmid sequence.,0 only if absent after feature preparation,sequence-derived k-mer composition,False,False,
CCTAC,5-mer,continuous,relative frequency,Normalized relative frequency of the 5-mer CCTAC in the plasmid sequence.,0 only if absent after feature preparation,sequence-derived k-mer composition,False,False,
CCTAG,5-mer,continuous,relative frequency,Normalized relative frequency of the 5-mer CCTAG in the plasmid sequence.,0 only if absent after feature preparation,sequence-derived k-mer composition,False,False,
CCTAT,5-mer,continuous,relative frequency,Normalized relative frequency of the 5-mer CCTAT in the plasmid sequence.,0 only if absent after feature preparation,sequence-derived k-mer composition,False,False,
CCTCA,5-mer,continuous,relative frequency,Normalized relative frequency of the 5-mer CCTCA in the plasmid sequence.,0 only if absent after feature preparation,sequence-derived k-mer composition,False,False,
CCTCC,5-mer,continuous,relative frequency,Normalized relative frequency of the 5-mer CCTCC in the plasmid sequence.,0 only if absent after feature preparation,sequence-derived k-mer composition,False,False,
CCTCG,5-mer,continuous,relative frequency,Normalized relative frequency of the 5-mer CCTCG in the plasmid sequence.,0 only if absent after feature preparation,sequence-derived k-mer composition,False,False,
CCTCT,5-mer,continuous,relative frequency,Normalized relative frequency of the 5-mer CCTCT in the plasmid sequence.,0 only if absent after feature preparation,sequence-derived k-mer composition,False,False,
CCTGA,5-mer,continuous,relative frequency,Normalized relative frequency of the 5-mer CCTGA in the plasmid sequence.,0 only if absent after feature preparation,sequence-derived k-mer composition,False,False,
CCTGC,5-mer,continuous,relative frequency,Normalized relative frequency of the 5-mer CCTGC in the plasmid sequence.,0 only if absent after feature preparation,sequence-derived k-mer composition,False,False,
CCTGG,5-mer,continuous,relative frequency,Normalized relative frequency of the 5-mer CCTGG in the plasmid sequence.,0 only if absent after feature preparation,sequence-derived k-mer composition,False,False,
CCTGT,5-mer,continuous,relative frequency,Normalized relative frequency of the 5-mer CCTGT in the plasmid sequence.,0 only if absent after feature preparation,sequence-derived k-mer composition,False,False,
CCTTA,5-mer,continuous,relative frequency,Normalized relative frequency of the 5-mer CCTTA in the plasmid sequence.,0 only if absent after feature preparation,sequence-derived k-mer composition,False,False,
CCTTC,5-mer,continuous,relative frequency,Normalized relative frequency of the 5-mer CCTTC in the plasmid sequence.,0 only if absent after feature preparation,sequence-derived k-mer composition,False,False,
CCTTG,5-mer,continuous,relative frequency,Normalized relative frequency of the 5-mer CCTTG in the plasmid sequence.,0 only if absent after feature preparation,sequence-derived k-mer composition,False,False,
CCTTT,5-mer,continuous,relative frequency,Normalized relative frequency of the 5-mer CCTTT in the plasmid sequence.,0 only if absent after feature preparation,sequence-derived k-mer composition,False,False,
CGAAA,5-mer,continuous,relative frequency,Normalized relative frequency of the 5-mer CGAAA in the plasmid sequence.,0 only if absent after feature preparation,sequence-derived k-mer composition,False,False,
CGAAC,5-mer,continuous,relative frequency,Normalized relative frequency of the 5-mer CGAAC in the plasmid sequence.,0 only if absent after feature preparation,sequence-derived k-mer composition,False,False,
CGAAG,5-mer,continuous,relative frequency,Normalized relative frequency of the 5-mer CGAAG in the plasmid sequence.,0 only if absent after feature preparation,sequence-derived k-mer composition,False,False,
CGAAT,5-mer,continuous,relative frequency,Normalized relative frequency of the 5-mer CGAAT in the plasmid sequence.,0 only if absent after feature preparation,sequence-derived k-mer composition,False,False,
CGACA,5-mer,continuous,relative frequency,Normalized relative frequency of the 5-mer CGACA in the plasmid sequence.,0 only if absent after feature preparation,sequence-derived k-mer composition,False,False,
CGACC,5-mer,continuous,relative frequency,Normalized relative frequency of the 5-mer CGACC in the plasmid sequence.,0 only if absent after feature preparation,sequence-derived k-mer composition,False,False,
CGACG,5-mer,continuous,relative frequency,Normalized relative frequency of the 5-mer CGACG in the plasmid sequence.,0 only if absent after feature preparation,sequence-derived k-mer composition,False,False,
CGACT,5-mer,continuous,relative frequency,Normalized relative frequency of the 5-mer CGACT in the plasmid sequence.,0 only if absent after feature preparation,sequence-derived k-mer composition,False,False,
CGAGA,5-mer,continuous,relative frequency,Normalized relative frequency of the 5-mer CGAGA in the plasmid sequence.,0 only if absent after feature preparation,sequence-derived k-mer composition,False,False,
CGAGC,5-mer,continuous,relative frequency,Normalized relative frequency of the 5-mer CGAGC in the plasmid sequence.,0 only if absent after feature preparation,sequence-derived k-mer composition,False,False,
CGAGG,5-mer,continuous,relative frequency,Normalized relative frequency of the 5-mer CGAGG in the plasmid sequence.,0 only if absent after feature preparation,sequence-derived k-mer composition,False,False,
CGAGT,5-mer,continuous,relative frequency,Normalized relative frequency of the 5-mer CGAGT in the plasmid sequence.,0 only if absent after feature preparation,sequence-derived k-mer composition,False,False,
CGATA,5-mer,continuous,relative frequency,Normalized relative frequency of the 5-mer CGATA in the plasmid sequence.,0 only if absent after feature preparation,sequence-derived k-mer composition,False,False,
CGATC,5-mer,continuous,relative frequency,Normalized relative frequency of the 5-mer CGATC in the plasmid sequence.,0 only if absent after feature preparation,sequence-derived k-mer composition,False,False,
CGATG,5-mer,continuous,relative frequency,Normalized relative frequency of the 5-mer CGATG in the plasmid sequence.,0 only if absent after feature preparation,sequence-derived k-mer composition,False,False,
CGATT,5-mer,continuous,relative frequency,Normalized relative frequency of the 5-mer CGATT in the plasmid sequence.,0 only if absent after feature preparation,sequence-derived k-mer composition,False,False,
CGCAA,5-mer,continuous,relative frequency,Normalized relative frequency of the 5-mer CGCAA in the plasmid sequence.,0 only if absent after feature preparation,sequence-derived k-mer composition,False,False,
CGCAC,5-mer,continuous,relative frequency,Normalized relative frequency of the 5-mer CGCAC in the plasmid sequence.,0 only if absent after feature preparation,sequence-derived k-mer composition,False,False,
CGCAG,5-mer,continuous,relative frequency,Normalized relative frequency of the 5-mer CGCAG in the plasmid sequence.,0 only if absent after feature preparation,sequence-derived k-mer composition,False,False,
CGCAT,5-mer,continuous,relative frequency,Normalized relative frequency of the 5-mer CGCAT in the plasmid sequence.,0 only if absent after feature preparation,sequence-derived k-mer composition,False,False,
CGCCA,5-mer,continuous,relative frequency,Normalized relative frequency of the 5-mer CGCCA in the plasmid sequence.,0 only if absent after feature preparation,sequence-derived k-mer composition,False,False,
CGCCC,5-mer,continuous,relative frequency,Normalized relative frequency of the 5-mer CGCCC in the plasmid sequence.,0 only if absent after feature preparation,sequence-derived k-mer composition,False,False,
CGCCG,5-mer,continuous,relative frequency,Normalized relative frequency of the 5-mer CGCCG in the plasmid sequence.,0 only if absent after feature preparation,sequence-derived k-mer composition,False,False,
CGCCT,5-mer,continuous,relative frequency,Normalized relative frequency of the 5-mer CGCCT in the plasmid sequence.,0 only if absent after feature preparation,sequence-derived k-mer composition,False,False,
CGCGA,5-mer,continuous,relative frequency,Normalized relative frequency of the 5-mer CGCGA in the plasmid sequence.,0 only if absent after feature preparation,sequence-derived k-mer composition,False,False,
CGCGC,5-mer,continuous,relative frequency,Normalized relative frequency of the 5-mer CGCGC in the plasmid sequence.,0 only if absent after feature preparation,sequence-derived k-mer composition,False,False,
CGCGG,5-mer,continuous,relative frequency,Normalized relative frequency of the 5-mer CGCGG in the plasmid sequence.,0 only if absent after feature preparation,sequence-derived k-mer composition,False,False,
CGCGT,5-mer,continuous,relative frequency,Normalized relative frequency of the 5-mer CGCGT in the plasmid sequence.,0 only if absent after feature preparation,sequence-derived k-mer composition,False,False,
CGCTA,5-mer,continuous,relative frequency,Normalized relative frequency of the 5-mer CGCTA in the plasmid sequence.,0 only if absent after feature preparation,sequence-derived k-mer composition,False,False,
CGCTC,5-mer,continuous,relative frequency,Normalized relative frequency of the 5-mer CGCTC in the plasmid sequence.,0 only if absent after feature preparation,sequence-derived k-mer composition,False,False,
CGCTG,5-mer,continuous,relative frequency,Normalized relative frequency of the 5-mer CGCTG in the plasmid sequence.,0 only if absent after feature preparation,sequence-derived k-mer composition,False,False,
CGCTT,5-mer,continuous,relative frequency,Normalized relative frequency of the 5-mer CGCTT in the plasmid sequence.,0 only if absent after feature preparation,sequence-derived k-mer composition,False,False,
CGGAA,5-mer,continuous,relative frequency,Normalized relative frequency of the 5-mer CGGAA in the plasmid sequence.,0 only if absent after feature preparation,sequence-derived k-mer composition,False,False,
CGGAC,5-mer,continuous,relative frequency,Normalized relative frequency of the 5-mer CGGAC in the plasmid sequence.,0 only if absent after feature preparation,sequence-derived k-mer composition,False,False,
CGGAG,5-mer,continuous,relative frequency,Normalized relative frequency of the 5-mer CGGAG in the plasmid sequence.,0 only if absent after feature preparation,sequence-derived k-mer composition,False,False,
CGGAT,5-mer,continuous,relative frequency,Normalized relative frequency of the 5-mer CGGAT in the plasmid sequence.,0 only if absent after feature preparation,sequence-derived k-mer composition,False,False,
CGGCA,5-mer,continuous,relative frequency,Normalized relative frequency of the 5-mer CGGCA in the plasmid sequence.,0 only if absent after feature preparation,sequence-derived k-mer composition,False,False,
CGGCC,5-mer,continuous,relative frequency,Normalized relative frequency of the 5-mer CGGCC in the plasmid sequence.,0 only if absent after feature preparation,sequence-derived k-mer composition,False,False,
CGGCG,5-mer,continuous,relative frequency,Normalized relative frequency of the 5-mer CGGCG in the plasmid sequence.,0 only if absent after feature preparation,sequence-derived k-mer composition,False,False,
CGGCT,5-mer,continuous,relative frequency,Normalized relative frequency of the 5-mer CGGCT in the plasmid sequence.,0 only if absent after feature preparation,sequence-derived k-mer composition,False,False,
CGGGA,5-mer,continuous,relative frequency,Normalized relative frequency of the 5-mer CGGGA in the plasmid sequence.,0 only if absent after feature preparation,sequence-derived k-mer composition,False,False,
CGGGC,5-mer,continuous,relative frequency,Normalized relative frequency of the 5-mer CGGGC in the plasmid sequence.,0 only if absent after feature preparation,sequence-derived k-mer composition,False,False,
CGGGG,5-mer,continuous,relative frequency,Normalized relative frequency of the 5-mer CGGGG in the plasmid sequence.,0 only if absent after feature preparation,sequence-derived k-mer composition,False,False,
CGGGT,5-mer,continuous,relative frequency,Normalized relative frequency of the 5-mer CGGGT in the plasmid sequence.,0 only if absent after feature preparation,sequence-derived k-mer composition,False,False,
CGGTA,5-mer,continuous,relative frequency,Normalized relative frequency of the 5-mer CGGTA in the plasmid sequence.,0 only if absent after feature preparation,sequence-derived k-mer composition,False,False,
CGGTC,5-mer,continuous,relative frequency,Normalized relative frequency of the 5-mer CGGTC in the plasmid sequence.,0 only if absent after feature preparation,sequence-derived k-mer composition,False,False,
CGGTG,5-mer,continuous,relative frequency,Normalized relative frequency of the 5-mer CGGTG in the plasmid sequence.,0 only if absent after feature preparation,sequence-derived k-mer composition,False,False,
CGGTT,5-mer,continuous,relative frequency,Normalized relative frequency of the 5-mer CGGTT in the plasmid sequence.,0 only if absent after feature preparation,sequence-derived k-mer composition,False,False,
CGTAA,5-mer,continuous,relative frequency,Normalized relative frequency of the 5-mer CGTAA in the plasmid sequence.,0 only if absent after feature preparation,sequence-derived k-mer composition,False,False,
CGTAC,5-mer,continuous,relative frequency,Normalized relative frequency of the 5-mer CGTAC in the plasmid sequence.,0 only if absent after feature preparation,sequence-derived k-mer composition,False,False,
CGTAG,5-mer,continuous,relative frequency,Normalized relative frequency of the 5-mer CGTAG in the plasmid sequence.,0 only if absent after feature preparation,sequence-derived k-mer composition,False,False,
CGTAT,5-mer,continuous,relative frequency,Normalized relative frequency of the 5-mer CGTAT in the plasmid sequence.,0 only if absent after feature preparation,sequence-derived k-mer composition,False,False,
CGTCA,5-mer,continuous,relative frequency,Normalized relative frequency of the 5-mer CGTCA in the plasmid sequence.,0 only if absent after feature preparation,sequence-derived k-mer composition,False,False,
CGTCC,5-mer,continuous,relative frequency,Normalized relative frequency of the 5-mer CGTCC in the plasmid sequence.,0 only if absent after feature preparation,sequence-derived k-mer composition,False,False,
CGTCG,5-mer,continuous,relative frequency,Normalized relative frequency of the 5-mer CGTCG in the plasmid sequence.,0 only if absent after feature preparation,sequence-derived k-mer composition,False,False,
CGTCT,5-mer,continuous,relative frequency,Normalized relative frequency of the 5-mer CGTCT in the plasmid sequence.,0 only if absent after feature preparation,sequence-derived k-mer composition,False,False,
CGTGA,5-mer,continuous,relative frequency,Normalized relative frequency of the 5-mer CGTGA in the plasmid sequence.,0 only if absent after feature preparation,sequence-derived k-mer composition,False,False,
CGTGC,5-mer,continuous,relative frequency,Normalized relative frequency of the 5-mer CGTGC in the plasmid sequence.,0 only if absent after feature preparation,sequence-derived k-mer composition,False,False,
CGTGG,5-mer,continuous,relative frequency,Normalized relative frequency of the 5-mer CGTGG in the plasmid sequence.,0 only if absent after feature preparation,sequence-derived k-mer composition,False,False,
CGTGT,5-mer,continuous,relative frequency,Normalized relative frequency of the 5-mer CGTGT in the plasmid sequence.,0 only if absent after feature preparation,sequence-derived k-mer composition,False,False,
CGTTA,5-mer,continuous,relative frequency,Normalized relative frequency of the 5-mer CGTTA in the plasmid sequence.,0 only if absent after feature preparation,sequence-derived k-mer composition,False,False,
CGTTC,5-mer,continuous,relative frequency,Normalized relative frequency of the 5-mer CGTTC in the plasmid sequence.,0 only if absent after feature preparation,sequence-derived k-mer composition,False,False,
CGTTG,5-mer,continuous,relative frequency,Normalized relative frequency of the 5-mer CGTTG in the plasmid sequence.,0 only if absent after feature preparation,sequence-derived k-mer composition,False,False,
CGTTT,5-mer,continuous,relative frequency,Normalized relative frequency of the 5-mer CGTTT in the plasmid sequence.,0 only if absent after feature preparation,sequence-derived k-mer composition,False,False,
CTAAA,5-mer,continuous,relative frequency,Normalized relative frequency of the 5-mer CTAAA in the plasmid sequence.,0 only if absent after feature preparation,sequence-derived k-mer composition,False,False,
CTAAC,5-mer,continuous,relative frequency,Normalized relative frequency of the 5-mer CTAAC in the plasmid sequence.,0 only if absent after feature preparation,sequence-derived k-mer composition,False,False,
CTAAG,5-mer,continuous,relative frequency,Normalized relative frequency of the 5-mer CTAAG in the plasmid sequence.,0 only if absent after feature preparation,sequence-derived k-mer composition,False,False,
CTAAT,5-mer,continuous,relative frequency,Normalized relative frequency of the 5-mer CTAAT in the plasmid sequence.,0 only if absent after feature preparation,sequence-derived k-mer composition,False,False,
CTACA,5-mer,continuous,relative frequency,Normalized relative frequency of the 5-mer CTACA in the plasmid sequence.,0 only if absent after feature preparation,sequence-derived k-mer composition,False,False,
CTACC,5-mer,continuous,relative frequency,Normalized relative frequency of the 5-mer CTACC in the plasmid sequence.,0 only if absent after feature preparation,sequence-derived k-mer composition,False,False,
CTACG,5-mer,continuous,relative frequency,Normalized relative frequency of the 5-mer CTACG in the plasmid sequence.,0 only if absent after feature preparation,sequence-derived k-mer composition,False,False,
CTACT,5-mer,continuous,relative frequency,Normalized relative frequency of the 5-mer CTACT in the plasmid sequence.,0 only if absent after feature preparation,sequence-derived k-mer composition,False,False,
CTAGA,5-mer,continuous,relative frequency,Normalized relative frequency of the 5-mer CTAGA in the plasmid sequence.,0 only if absent after feature preparation,sequence-derived k-mer composition,False,False,
CTAGC,5-mer,continuous,relative frequency,Normalized relative frequency of the 5-mer CTAGC in the plasmid sequence.,0 only if absent after feature preparation,sequence-derived k-mer composition,False,False,
CTAGG,5-mer,continuous,relative frequency,Normalized relative frequency of the 5-mer CTAGG in the plasmid sequence.,0 only if absent after feature preparation,sequence-derived k-mer composition,False,False,
CTAGT,5-mer,continuous,relative frequency,Normalized relative frequency of the 5-mer CTAGT in the plasmid sequence.,0 only if absent after feature preparation,sequence-derived k-mer composition,False,False,
CTATA,5-mer,continuous,relative frequency,Normalized relative frequency of the 5-mer CTATA in the plasmid sequence.,0 only if absent after feature preparation,sequence-derived k-mer composition,False,False,
CTATC,5-mer,continuous,relative frequency,Normalized relative frequency of the 5-mer CTATC in the plasmid sequence.,0 only if absent after feature preparation,sequence-derived k-mer composition,False,False,
CTATG,5-mer,continuous,relative frequency,Normalized relative frequency of the 5-mer CTATG in the plasmid sequence.,0 only if absent after feature preparation,sequence-derived k-mer composition,False,False,
CTATT,5-mer,continuous,relative frequency,Normalized relative frequency of the 5-mer CTATT in the plasmid sequence.,0 only if absent after feature preparation,sequence-derived k-mer composition,False,False,
CTCAA,5-mer,continuous,relative frequency,Normalized relative frequency of the 5-mer CTCAA in the plasmid sequence.,0 only if absent after feature preparation,sequence-derived k-mer composition,False,False,
CTCAC,5-mer,continuous,relative frequency,Normalized relative frequency of the 5-mer CTCAC in the plasmid sequence.,0 only if absent after feature preparation,sequence-derived k-mer composition,False,False,
CTCAG,5-mer,continuous,relative frequency,Normalized relative frequency of the 5-mer CTCAG in the plasmid sequence.,0 only if absent after feature preparation,sequence-derived k-mer composition,False,False,
CTCAT,5-mer,continuous,relative frequency,Normalized relative frequency of the 5-mer CTCAT in the plasmid sequence.,0 only if absent after feature preparation,sequence-derived k-mer composition,False,False,
CTCCA,5-mer,continuous,relative frequency,Normalized relative frequency of the 5-mer CTCCA in the plasmid sequence.,0 only if absent after feature preparation,sequence-derived k-mer composition,False,False,
CTCCC,5-mer,continuous,relative frequency,Normalized relative frequency of the 5-mer CTCCC in the plasmid sequence.,0 only if absent after feature preparation,sequence-derived k-mer composition,False,False,
CTCCG,5-mer,continuous,relative frequency,Normalized relative frequency of the 5-mer CTCCG in the plasmid sequence.,0 only if absent after feature preparation,sequence-derived k-mer composition,False,False,
CTCCT,5-mer,continuous,relative frequency,Normalized relative frequency of the 5-mer CTCCT in the plasmid sequence.,0 only if absent after feature preparation,sequence-derived k-mer composition,False,False,
CTCGA,5-mer,continuous,relative frequency,Normalized relative frequency of the 5-mer CTCGA in the plasmid sequence.,0 only if absent after feature preparation,sequence-derived k-mer composition,False,False,
CTCGC,5-mer,continuous,relative frequency,Normalized relative frequency of the 5-mer CTCGC in the plasmid sequence.,0 only if absent after feature preparation,sequence-derived k-mer composition,False,False,
CTCGG,5-mer,continuous,relative frequency,Normalized relative frequency of the 5-mer CTCGG in the plasmid sequence.,0 only if absent after feature preparation,sequence-derived k-mer composition,False,False,
CTCGT,5-mer,continuous,relative frequency,Normalized relative frequency of the 5-mer CTCGT in the plasmid sequence.,0 only if absent after feature preparation,sequence-derived k-mer composition,False,False,
CTCTA,5-mer,continuous,relative frequency,Normalized relative frequency of the 5-mer CTCTA in the plasmid sequence.,0 only if absent after feature preparation,sequence-derived k-mer composition,False,False,
CTCTC,5-mer,continuous,relative frequency,Normalized relative frequency of the 5-mer CTCTC in the plasmid sequence.,0 only if absent after feature preparation,sequence-derived k-mer composition,False,False,
CTCTG,5-mer,continuous,relative frequency,Normalized relative frequency of the 5-mer CTCTG in the plasmid sequence.,0 only if absent after feature preparation,sequence-derived k-mer composition,False,False,
CTCTT,5-mer,continuous,relative frequency,Normalized relative frequency of the 5-mer CTCTT in the plasmid sequence.,0 only if absent after feature preparation,sequence-derived k-mer composition,False,False,
CTGAA,5-mer,continuous,relative frequency,Normalized relative frequency of the 5-mer CTGAA in the plasmid sequence.,0 only if absent after feature preparation,sequence-derived k-mer composition,False,False,
CTGAC,5-mer,continuous,relative frequency,Normalized relative frequency of the 5-mer CTGAC in the plasmid sequence.,0 only if absent after feature preparation,sequence-derived k-mer composition,False,False,
CTGAG,5-mer,continuous,relative frequency,Normalized relative frequency of the 5-mer CTGAG in the plasmid sequence.,0 only if absent after feature preparation,sequence-derived k-mer composition,False,False,
CTGAT,5-mer,continuous,relative frequency,Normalized relative frequency of the 5-mer CTGAT in the plasmid sequence.,0 only if absent after feature preparation,sequence-derived k-mer composition,False,False,
CTGCA,5-mer,continuous,relative frequency,Normalized relative frequency of the 5-mer CTGCA in the plasmid sequence.,0 only if absent after feature preparation,sequence-derived k-mer composition,False,False,
CTGCC,5-mer,continuous,relative frequency,Normalized relative frequency of the 5-mer CTGCC in the plasmid sequence.,0 only if absent after feature preparation,sequence-derived k-mer composition,False,False,
CTGCG,5-mer,continuous,relative frequency,Normalized relative frequency of the 5-mer CTGCG in the plasmid sequence.,0 only if absent after feature preparation,sequence-derived k-mer composition,False,False,
CTGCT,5-mer,continuous,relative frequency,Normalized relative frequency of the 5-mer CTGCT in the plasmid sequence.,0 only if absent after feature preparation,sequence-derived k-mer composition,False,False,
CTGGA,5-mer,continuous,relative frequency,Normalized relative frequency of the 5-mer CTGGA in the plasmid sequence.,0 only if absent after feature preparation,sequence-derived k-mer composition,False,False,
CTGGC,5-mer,continuous,relative frequency,Normalized relative frequency of the 5-mer CTGGC in the plasmid sequence.,0 only if absent after feature preparation,sequence-derived k-mer composition,False,False,
CTGGG,5-mer,continuous,relative frequency,Normalized relative frequency of the 5-mer CTGGG in the plasmid sequence.,0 only if absent after feature preparation,sequence-derived k-mer composition,False,False,
CTGGT,5-mer,continuous,relative frequency,Normalized relative frequency of the 5-mer CTGGT in the plasmid sequence.,0 only if absent after feature preparation,sequence-derived k-mer composition,False,False,
CTGTA,5-mer,continuous,relative frequency,Normalized relative frequency of the 5-mer CTGTA in the plasmid sequence.,0 only if absent after feature preparation,sequence-derived k-mer composition,False,False,
CTGTC,5-mer,continuous,relative frequency,Normalized relative frequency of the 5-mer CTGTC in the plasmid sequence.,0 only if absent after feature preparation,sequence-derived k-mer composition,False,False,
CTGTG,5-mer,continuous,relative frequency,Normalized relative frequency of the 5-mer CTGTG in the plasmid sequence.,0 only if absent after feature preparation,sequence-derived k-mer composition,False,False,
CTGTT,5-mer,continuous,relative frequency,Normalized relative frequency of the 5-mer CTGTT in the plasmid sequence.,0 only if absent after feature preparation,sequence-derived k-mer composition,False,False,
CTTAA,5-mer,continuous,relative frequency,Normalized relative frequency of the 5-mer CTTAA in the plasmid sequence.,0 only if absent after feature preparation,sequence-derived k-mer composition,False,False,
CTTAC,5-mer,continuous,relative frequency,Normalized relative frequency of the 5-mer CTTAC in the plasmid sequence.,0 only if absent after feature preparation,sequence-derived k-mer composition,False,False,
CTTAG,5-mer,continuous,relative frequency,Normalized relative frequency of the 5-mer CTTAG in the plasmid sequence.,0 only if absent after feature preparation,sequence-derived k-mer composition,False,False,
CTTAT,5-mer,continuous,relative frequency,Normalized relative frequency of the 5-mer CTTAT in the plasmid sequence.,0 only if absent after feature preparation,sequence-derived k-mer composition,False,False,
CTTCA,5-mer,continuous,relative frequency,Normalized relative frequency of the 5-mer CTTCA in the plasmid sequence.,0 only if absent after feature preparation,sequence-derived k-mer composition,False,False,
CTTCC,5-mer,continuous,relative frequency,Normalized relative frequency of the 5-mer CTTCC in the plasmid sequence.,0 only if absent after feature preparation,sequence-derived k-mer composition,False,False,
CTTCG,5-mer,continuous,relative frequency,Normalized relative frequency of the 5-mer CTTCG in the plasmid sequence.,0 only if absent after feature preparation,sequence-derived k-mer composition,False,False,
CTTCT,5-mer,continuous,relative frequency,Normalized relative frequency of the 5-mer CTTCT in the plasmid sequence.,0 only if absent after feature preparation,sequence-derived k-mer composition,False,False,
CTTGA,5-mer,continuous,relative frequency,Normalized relative frequency of the 5-mer CTTGA in the plasmid sequence.,0 only if absent after feature preparation,sequence-derived k-mer composition,False,False,
CTTGC,5-mer,continuous,relative frequency,Normalized relative frequency of the 5-mer CTTGC in the plasmid sequence.,0 only if absent after feature preparation,sequence-derived k-mer composition,False,False,
CTTGG,5-mer,continuous,relative frequency,Normalized relative frequency of the 5-mer CTTGG in the plasmid sequence.,0 only if absent after feature preparation,sequence-derived k-mer composition,False,False,
CTTGT,5-mer,continuous,relative frequency,Normalized relative frequency of the 5-mer CTTGT in the plasmid sequence.,0 only if absent after feature preparation,sequence-derived k-mer composition,False,False,
CTTTA,5-mer,continuous,relative frequency,Normalized relative frequency of the 5-mer CTTTA in the plasmid sequence.,0 only if absent after feature preparation,sequence-derived k-mer composition,False,False,
CTTTC,5-mer,continuous,relative frequency,Normalized relative frequency of the 5-mer CTTTC in the plasmid sequence.,0 only if absent after feature preparation,sequence-derived k-mer composition,False,False,
CTTTG,5-mer,continuous,relative frequency,Normalized relative frequency of the 5-mer CTTTG in the plasmid sequence.,0 only if absent after feature preparation,sequence-derived k-mer composition,False,False,
CTTTT,5-mer,continuous,relative frequency,Normalized relative frequency of the 5-mer CTTTT in the plasmid sequence.,0 only if absent after feature preparation,sequence-derived k-mer composition,False,False,
GAAAA,5-mer,continuous,relative frequency,Normalized relative frequency of the 5-mer GAAAA in the plasmid sequence.,0 only if absent after feature preparation,sequence-derived k-mer composition,False,False,
GAAAC,5-mer,continuous,relative frequency,Normalized relative frequency of the 5-mer GAAAC in the plasmid sequence.,0 only if absent after feature preparation,sequence-derived k-mer composition,False,False,
GAAAG,5-mer,continuous,relative frequency,Normalized relative frequency of the 5-mer GAAAG in the plasmid sequence.,0 only if absent after feature preparation,sequence-derived k-mer composition,False,False,
GAAAT,5-mer,continuous,relative frequency,Normalized relative frequency of the 5-mer GAAAT in the plasmid sequence.,0 only if absent after feature preparation,sequence-derived k-mer composition,False,False,
GAACA,5-mer,continuous,relative frequency,Normalized relative frequency of the 5-mer GAACA in the plasmid sequence.,0 only if absent after feature preparation,sequence-derived k-mer composition,False,False,
GAACC,5-mer,continuous,relative frequency,Normalized relative frequency of the 5-mer GAACC in the plasmid sequence.,0 only if absent after feature preparation,sequence-derived k-mer composition,False,False,
GAACG,5-mer,continuous,relative frequency,Normalized relative frequency of the 5-mer GAACG in the plasmid sequence.,0 only if absent after feature preparation,sequence-derived k-mer composition,False,False,
GAACT,5-mer,continuous,relative frequency,Normalized relative frequency of the 5-mer GAACT in the plasmid sequence.,0 only if absent after feature preparation,sequence-derived k-mer composition,False,False,
GAAGA,5-mer,continuous,relative frequency,Normalized relative frequency of the 5-mer GAAGA in the plasmid sequence.,0 only if absent after feature preparation,sequence-derived k-mer composition,False,False,
GAAGC,5-mer,continuous,relative frequency,Normalized relative frequency of the 5-mer GAAGC in the plasmid sequence.,0 only if absent after feature preparation,sequence-derived k-mer composition,False,False,
GAAGG,5-mer,continuous,relative frequency,Normalized relative frequency of the 5-mer GAAGG in the plasmid sequence.,0 only if absent after feature preparation,sequence-derived k-mer composition,False,False,
GAAGT,5-mer,continuous,relative frequency,Normalized relative frequency of the 5-mer GAAGT in the plasmid sequence.,0 only if absent after feature preparation,sequence-derived k-mer composition,False,False,
GAATA,5-mer,continuous,relative frequency,Normalized relative frequency of the 5-mer GAATA in the plasmid sequence.,0 only if absent after feature preparation,sequence-derived k-mer composition,False,False,
GAATC,5-mer,continuous,relative frequency,Normalized relative frequency of the 5-mer GAATC in the plasmid sequence.,0 only if absent after feature preparation,sequence-derived k-mer composition,False,False,
GAATG,5-mer,continuous,relative frequency,Normalized relative frequency of the 5-mer GAATG in the plasmid sequence.,0 only if absent after feature preparation,sequence-derived k-mer composition,False,False,
GAATT,5-mer,continuous,relative frequency,Normalized relative frequency of the 5-mer GAATT in the plasmid sequence.,0 only if absent after feature preparation,sequence-derived k-mer composition,False,False,
GACAA,5-mer,continuous,relative frequency,Normalized relative frequency of the 5-mer GACAA in the plasmid sequence.,0 only if absent after feature preparation,sequence-derived k-mer composition,False,False,
GACAC,5-mer,continuous,relative frequency,Normalized relative frequency of the 5-mer GACAC in the plasmid sequence.,0 only if absent after feature preparation,sequence-derived k-mer composition,False,False,
GACAG,5-mer,continuous,relative frequency,Normalized relative frequency of the 5-mer GACAG in the plasmid sequence.,0 only if absent after feature preparation,sequence-derived k-mer composition,False,False,
GACAT,5-mer,continuous,relative frequency,Normalized relative frequency of the 5-mer GACAT in the plasmid sequence.,0 only if absent after feature preparation,sequence-derived k-mer composition,False,False,
GACCA,5-mer,continuous,relative frequency,Normalized relative frequency of the 5-mer GACCA in the plasmid sequence.,0 only if absent after feature preparation,sequence-derived k-mer composition,False,False,
GACCC,5-mer,continuous,relative frequency,Normalized relative frequency of the 5-mer GACCC in the plasmid sequence.,0 only if absent after feature preparation,sequence-derived k-mer composition,False,False,
GACCG,5-mer,continuous,relative frequency,Normalized relative frequency of the 5-mer GACCG in the plasmid sequence.,0 only if absent after feature preparation,sequence-derived k-mer composition,False,False,
GACCT,5-mer,continuous,relative frequency,Normalized relative frequency of the 5-mer GACCT in the plasmid sequence.,0 only if absent after feature preparation,sequence-derived k-mer composition,False,False,
GACGA,5-mer,continuous,relative frequency,Normalized relative frequency of the 5-mer GACGA in the plasmid sequence.,0 only if absent after feature preparation,sequence-derived k-mer composition,False,False,
GACGC,5-mer,continuous,relative frequency,Normalized relative frequency of the 5-mer GACGC in the plasmid sequence.,0 only if absent after feature preparation,sequence-derived k-mer composition,False,False,
GACGG,5-mer,continuous,relative frequency,Normalized relative frequency of the 5-mer GACGG in the plasmid sequence.,0 only if absent after feature preparation,sequence-derived k-mer composition,False,False,
GACGT,5-mer,continuous,relative frequency,Normalized relative frequency of the 5-mer GACGT in the plasmid sequence.,0 only if absent after feature preparation,sequence-derived k-mer composition,False,False,
GACTA,5-mer,continuous,relative frequency,Normalized relative frequency of the 5-mer GACTA in the plasmid sequence.,0 only if absent after feature preparation,sequence-derived k-mer composition,False,False,
GACTC,5-mer,continuous,relative frequency,Normalized relative frequency of the 5-mer GACTC in the plasmid sequence.,0 only if absent after feature preparation,sequence-derived k-mer composition,False,False,
GACTG,5-mer,continuous,relative frequency,Normalized relative frequency of the 5-mer GACTG in the plasmid sequence.,0 only if absent after feature preparation,sequence-derived k-mer composition,False,False,
GACTT,5-mer,continuous,relative frequency,Normalized relative frequency of the 5-mer GACTT in the plasmid sequence.,0 only if absent after feature preparation,sequence-derived k-mer composition,False,False,
GAGAA,5-mer,continuous,relative frequency,Normalized relative frequency of the 5-mer GAGAA in the plasmid sequence.,0 only if absent after feature preparation,sequence-derived k-mer composition,False,False,
GAGAC,5-mer,continuous,relative frequency,Normalized relative frequency of the 5-mer GAGAC in the plasmid sequence.,0 only if absent after feature preparation,sequence-derived k-mer composition,False,False,
GAGAG,5-mer,continuous,relative frequency,Normalized relative frequency of the 5-mer GAGAG in the plasmid sequence.,0 only if absent after feature preparation,sequence-derived k-mer composition,False,False,
GAGAT,5-mer,continuous,relative frequency,Normalized relative frequency of the 5-mer GAGAT in the plasmid sequence.,0 only if absent after feature preparation,sequence-derived k-mer composition,False,False,
GAGCA,5-mer,continuous,relative frequency,Normalized relative frequency of the 5-mer GAGCA in the plasmid sequence.,0 only if absent after feature preparation,sequence-derived k-mer composition,False,False,
GAGCC,5-mer,continuous,relative frequency,Normalized relative frequency of the 5-mer GAGCC in the plasmid sequence.,0 only if absent after feature preparation,sequence-derived k-mer composition,False,False,
GAGCG,5-mer,continuous,relative frequency,Normalized relative frequency of the 5-mer GAGCG in the plasmid sequence.,0 only if absent after feature preparation,sequence-derived k-mer composition,False,False,
GAGCT,5-mer,continuous,relative frequency,Normalized relative frequency of the 5-mer GAGCT in the plasmid sequence.,0 only if absent after feature preparation,sequence-derived k-mer composition,False,False,
GAGGA,5-mer,continuous,relative frequency,Normalized relative frequency of the 5-mer GAGGA in the plasmid sequence.,0 only if absent after feature preparation,sequence-derived k-mer composition,False,False,
GAGGC,5-mer,continuous,relative frequency,Normalized relative frequency of the 5-mer GAGGC in the plasmid sequence.,0 only if absent after feature preparation,sequence-derived k-mer composition,False,False,
GAGGG,5-mer,continuous,relative frequency,Normalized relative frequency of the 5-mer GAGGG in the plasmid sequence.,0 only if absent after feature preparation,sequence-derived k-mer composition,False,False,
GAGGT,5-mer,continuous,relative frequency,Normalized relative frequency of the 5-mer GAGGT in the plasmid sequence.,0 only if absent after feature preparation,sequence-derived k-mer composition,False,False,
GAGTA,5-mer,continuous,relative frequency,Normalized relative frequency of the 5-mer GAGTA in the plasmid sequence.,0 only if absent after feature preparation,sequence-derived k-mer composition,False,False,
GAGTC,5-mer,continuous,relative frequency,Normalized relative frequency of the 5-mer GAGTC in the plasmid sequence.,0 only if absent after feature preparation,sequence-derived k-mer composition,False,False,
GAGTG,5-mer,continuous,relative frequency,Normalized relative frequency of the 5-mer GAGTG in the plasmid sequence.,0 only if absent after feature preparation,sequence-derived k-mer composition,False,False,
GAGTT,5-mer,continuous,relative frequency,Normalized relative frequency of the 5-mer GAGTT in the plasmid sequence.,0 only if absent after feature preparation,sequence-derived k-mer composition,False,False,
GATAA,5-mer,continuous,relative frequency,Normalized relative frequency of the 5-mer GATAA in the plasmid sequence.,0 only if absent after feature preparation,sequence-derived k-mer composition,False,False,
GATAC,5-mer,continuous,relative frequency,Normalized relative frequency of the 5-mer GATAC in the plasmid sequence.,0 only if absent after feature preparation,sequence-derived k-mer composition,False,False,
GATAG,5-mer,continuous,relative frequency,Normalized relative frequency of the 5-mer GATAG in the plasmid sequence.,0 only if absent after feature preparation,sequence-derived k-mer composition,False,False,
GATAT,5-mer,continuous,relative frequency,Normalized relative frequency of the 5-mer GATAT in the plasmid sequence.,0 only if absent after feature preparation,sequence-derived k-mer composition,False,False,
GATCA,5-mer,continuous,relative frequency,Normalized relative frequency of the 5-mer GATCA in the plasmid sequence.,0 only if absent after feature preparation,sequence-derived k-mer composition,False,False,
GATCC,5-mer,continuous,relative frequency,Normalized relative frequency of the 5-mer GATCC in the plasmid sequence.,0 only if absent after feature preparation,sequence-derived k-mer composition,False,False,
GATCG,5-mer,continuous,relative frequency,Normalized relative frequency of the 5-mer GATCG in the plasmid sequence.,0 only if absent after feature preparation,sequence-derived k-mer composition,False,False,
GATCT,5-mer,continuous,relative frequency,Normalized relative frequency of the 5-mer GATCT in the plasmid sequence.,0 only if absent after feature preparation,sequence-derived k-mer composition,False,False,
GATGA,5-mer,continuous,relative frequency,Normalized relative frequency of the 5-mer GATGA in the plasmid sequence.,0 only if absent after feature preparation,sequence-derived k-mer composition,False,False,
GATGC,5-mer,continuous,relative frequency,Normalized relative frequency of the 5-mer GATGC in the plasmid sequence.,0 only if absent after feature preparation,sequence-derived k-mer composition,False,False,
GATGG,5-mer,continuous,relative frequency,Normalized relative frequency of the 5-mer GATGG in the plasmid sequence.,0 only if absent after feature preparation,sequence-derived k-mer composition,False,False,
GATGT,5-mer,continuous,relative frequency,Normalized relative frequency of the 5-mer GATGT in the plasmid sequence.,0 only if absent after feature preparation,sequence-derived k-mer composition,False,False,
GATTA,5-mer,continuous,relative frequency,Normalized relative frequency of the 5-mer GATTA in the plasmid sequence.,0 only if absent after feature preparation,sequence-derived k-mer composition,False,False,
GATTC,5-mer,continuous,relative frequency,Normalized relative frequency of the 5-mer GATTC in the plasmid sequence.,0 only if absent after feature preparation,sequence-derived k-mer composition,False,False,
GATTG,5-mer,continuous,relative frequency,Normalized relative frequency of the 5-mer GATTG in the plasmid sequence.,0 only if absent after feature preparation,sequence-derived k-mer composition,False,False,
GATTT,5-mer,continuous,relative frequency,Normalized relative frequency of the 5-mer GATTT in the plasmid sequence.,0 only if absent after feature preparation,sequence-derived k-mer composition,False,False,
GCAAA,5-mer,continuous,relative frequency,Normalized relative frequency of the 5-mer GCAAA in the plasmid sequence.,0 only if absent after feature preparation,sequence-derived k-mer composition,False,False,
GCAAC,5-mer,continuous,relative frequency,Normalized relative frequency of the 5-mer GCAAC in the plasmid sequence.,0 only if absent after feature preparation,sequence-derived k-mer composition,False,False,
GCAAG,5-mer,continuous,relative frequency,Normalized relative frequency of the 5-mer GCAAG in the plasmid sequence.,0 only if absent after feature preparation,sequence-derived k-mer composition,False,False,
GCAAT,5-mer,continuous,relative frequency,Normalized relative frequency of the 5-mer GCAAT in the plasmid sequence.,0 only if absent after feature preparation,sequence-derived k-mer composition,False,False,
GCACA,5-mer,continuous,relative frequency,Normalized relative frequency of the 5-mer GCACA in the plasmid sequence.,0 only if absent after feature preparation,sequence-derived k-mer composition,False,False,
GCACC,5-mer,continuous,relative frequency,Normalized relative frequency of the 5-mer GCACC in the plasmid sequence.,0 only if absent after feature preparation,sequence-derived k-mer composition,False,False,
GCACG,5-mer,continuous,relative frequency,Normalized relative frequency of the 5-mer GCACG in the plasmid sequence.,0 only if absent after feature preparation,sequence-derived k-mer composition,False,False,
GCACT,5-mer,continuous,relative frequency,Normalized relative frequency of the 5-mer GCACT in the plasmid sequence.,0 only if absent after feature preparation,sequence-derived k-mer composition,False,False,
GCAGA,5-mer,continuous,relative frequency,Normalized relative frequency of the 5-mer GCAGA in the plasmid sequence.,0 only if absent after feature preparation,sequence-derived k-mer composition,False,False,
GCAGC,5-mer,continuous,relative frequency,Normalized relative frequency of the 5-mer GCAGC in the plasmid sequence.,0 only if absent after feature preparation,sequence-derived k-mer composition,False,False,
GCAGG,5-mer,continuous,relative frequency,Normalized relative frequency of the 5-mer GCAGG in the plasmid sequence.,0 only if absent after feature preparation,sequence-derived k-mer composition,False,False,
GCAGT,5-mer,continuous,relative frequency,Normalized relative frequency of the 5-mer GCAGT in the plasmid sequence.,0 only if absent after feature preparation,sequence-derived k-mer composition,False,False,
GCATA,5-mer,continuous,relative frequency,Normalized relative frequency of the 5-mer GCATA in the plasmid sequence.,0 only if absent after feature preparation,sequence-derived k-mer composition,False,False,
GCATC,5-mer,continuous,relative frequency,Normalized relative frequency of the 5-mer GCATC in the plasmid sequence.,0 only if absent after feature preparation,sequence-derived k-mer composition,False,False,
GCATG,5-mer,continuous,relative frequency,Normalized relative frequency of the 5-mer GCATG in the plasmid sequence.,0 only if absent after feature preparation,sequence-derived k-mer composition,False,False,
GCATT,5-mer,continuous,relative frequency,Normalized relative frequency of the 5-mer GCATT in the plasmid sequence.,0 only if absent after feature preparation,sequence-derived k-mer composition,False,False,
GCCAA,5-mer,continuous,relative frequency,Normalized relative frequency of the 5-mer GCCAA in the plasmid sequence.,0 only if absent after feature preparation,sequence-derived k-mer composition,False,False,
GCCAC,5-mer,continuous,relative frequency,Normalized relative frequency of the 5-mer GCCAC in the plasmid sequence.,0 only if absent after feature preparation,sequence-derived k-mer composition,False,False,
GCCAG,5-mer,continuous,relative frequency,Normalized relative frequency of the 5-mer GCCAG in the plasmid sequence.,0 only if absent after feature preparation,sequence-derived k-mer composition,False,False,
GCCAT,5-mer,continuous,relative frequency,Normalized relative frequency of the 5-mer GCCAT in the plasmid sequence.,0 only if absent after feature preparation,sequence-derived k-mer composition,False,False,
GCCCA,5-mer,continuous,relative frequency,Normalized relative frequency of the 5-mer GCCCA in the plasmid sequence.,0 only if absent after feature preparation,sequence-derived k-mer composition,False,False,
GCCCC,5-mer,continuous,relative frequency,Normalized relative frequency of the 5-mer GCCCC in the plasmid sequence.,0 only if absent after feature preparation,sequence-derived k-mer composition,False,False,
GCCCG,5-mer,continuous,relative frequency,Normalized relative frequency of the 5-mer GCCCG in the plasmid sequence.,0 only if absent after feature preparation,sequence-derived k-mer composition,False,False,
GCCCT,5-mer,continuous,relative frequency,Normalized relative frequency of the 5-mer GCCCT in the plasmid sequence.,0 only if absent after feature preparation,sequence-derived k-mer composition,False,False,
GCCGA,5-mer,continuous,relative frequency,Normalized relative frequency of the 5-mer GCCGA in the plasmid sequence.,0 only if absent after feature preparation,sequence-derived k-mer composition,False,False,
GCCGC,5-mer,continuous,relative frequency,Normalized relative frequency of the 5-mer GCCGC in the plasmid sequence.,0 only if absent after feature preparation,sequence-derived k-mer composition,False,False,
GCCGG,5-mer,continuous,relative frequency,Normalized relative frequency of the 5-mer GCCGG in the plasmid sequence.,0 only if absent after feature preparation,sequence-derived k-mer composition,False,False,
GCCGT,5-mer,continuous,relative frequency,Normalized relative frequency of the 5-mer GCCGT in the plasmid sequence.,0 only if absent after feature preparation,sequence-derived k-mer composition,False,False,
GCCTA,5-mer,continuous,relative frequency,Normalized relative frequency of the 5-mer GCCTA in the plasmid sequence.,0 only if absent after feature preparation,sequence-derived k-mer composition,False,False,
GCCTC,5-mer,continuous,relative frequency,Normalized relative frequency of the 5-mer GCCTC in the plasmid sequence.,0 only if absent after feature preparation,sequence-derived k-mer composition,False,False,
GCCTG,5-mer,continuous,relative frequency,Normalized relative frequency of the 5-mer GCCTG in the plasmid sequence.,0 only if absent after feature preparation,sequence-derived k-mer composition,False,False,
GCCTT,5-mer,continuous,relative frequency,Normalized relative frequency of the 5-mer GCCTT in the plasmid sequence.,0 only if absent after feature preparation,sequence-derived k-mer composition,False,False,
GCGAA,5-mer,continuous,relative frequency,Normalized relative frequency of the 5-mer GCGAA in the plasmid sequence.,0 only if absent after feature preparation,sequence-derived k-mer composition,False,False,
GCGAC,5-mer,continuous,relative frequency,Normalized relative frequency of the 5-mer GCGAC in the plasmid sequence.,0 only if absent after feature preparation,sequence-derived k-mer composition,False,False,
GCGAG,5-mer,continuous,relative frequency,Normalized relative frequency of the 5-mer GCGAG in the plasmid sequence.,0 only if absent after feature preparation,sequence-derived k-mer composition,False,False,
GCGAT,5-mer,continuous,relative frequency,Normalized relative frequency of the 5-mer GCGAT in the plasmid sequence.,0 only if absent after feature preparation,sequence-derived k-mer composition,False,False,
GCGCA,5-mer,continuous,relative frequency,Normalized relative frequency of the 5-mer GCGCA in the plasmid sequence.,0 only if absent after feature preparation,sequence-derived k-mer composition,False,False,
GCGCC,5-mer,continuous,relative frequency,Normalized relative frequency of the 5-mer GCGCC in the plasmid sequence.,0 only if absent after feature preparation,sequence-derived k-mer composition,False,False,
GCGCG,5-mer,continuous,relative frequency,Normalized relative frequency of the 5-mer GCGCG in the plasmid sequence.,0 only if absent after feature preparation,sequence-derived k-mer composition,False,False,
GCGCT,5-mer,continuous,relative frequency,Normalized relative frequency of the 5-mer GCGCT in the plasmid sequence.,0 only if absent after feature preparation,sequence-derived k-mer composition,False,False,
GCGGA,5-mer,continuous,relative frequency,Normalized relative frequency of the 5-mer GCGGA in the plasmid sequence.,0 only if absent after feature preparation,sequence-derived k-mer composition,False,False,
GCGGC,5-mer,continuous,relative frequency,Normalized relative frequency of the 5-mer GCGGC in the plasmid sequence.,0 only if absent after feature preparation,sequence-derived k-mer composition,False,False,
GCGGG,5-mer,continuous,relative frequency,Normalized relative frequency of the 5-mer GCGGG in the plasmid sequence.,0 only if absent after feature preparation,sequence-derived k-mer composition,False,False,
GCGGT,5-mer,continuous,relative frequency,Normalized relative frequency of the 5-mer GCGGT in the plasmid sequence.,0 only if absent after feature preparation,sequence-derived k-mer composition,False,False,
GCGTA,5-mer,continuous,relative frequency,Normalized relative frequency of the 5-mer GCGTA in the plasmid sequence.,0 only if absent after feature preparation,sequence-derived k-mer composition,False,False,
GCGTC,5-mer,continuous,relative frequency,Normalized relative frequency of the 5-mer GCGTC in the plasmid sequence.,0 only if absent after feature preparation,sequence-derived k-mer composition,False,False,
GCGTG,5-mer,continuous,relative frequency,Normalized relative frequency of the 5-mer GCGTG in the plasmid sequence.,0 only if absent after feature preparation,sequence-derived k-mer composition,False,False,
GCGTT,5-mer,continuous,relative frequency,Normalized relative frequency of the 5-mer GCGTT in the plasmid sequence.,0 only if absent after feature preparation,sequence-derived k-mer composition,False,False,
GCTAA,5-mer,continuous,relative frequency,Normalized relative frequency of the 5-mer GCTAA in the plasmid sequence.,0 only if absent after feature preparation,sequence-derived k-mer composition,False,False,
GCTAC,5-mer,continuous,relative frequency,Normalized relative frequency of the 5-mer GCTAC in the plasmid sequence.,0 only if absent after feature preparation,sequence-derived k-mer composition,False,False,
GCTAG,5-mer,continuous,relative frequency,Normalized relative frequency of the 5-mer GCTAG in the plasmid sequence.,0 only if absent after feature preparation,sequence-derived k-mer composition,False,False,
GCTAT,5-mer,continuous,relative frequency,Normalized relative frequency of the 5-mer GCTAT in the plasmid sequence.,0 only if absent after feature preparation,sequence-derived k-mer composition,False,False,
GCTCA,5-mer,continuous,relative frequency,Normalized relative frequency of the 5-mer GCTCA in the plasmid sequence.,0 only if absent after feature preparation,sequence-derived k-mer composition,False,False,
GCTCC,5-mer,continuous,relative frequency,Normalized relative frequency of the 5-mer GCTCC in the plasmid sequence.,0 only if absent after feature preparation,sequence-derived k-mer composition,False,False,
GCTCG,5-mer,continuous,relative frequency,Normalized relative frequency of the 5-mer GCTCG in the plasmid sequence.,0 only if absent after feature preparation,sequence-derived k-mer composition,False,False,
GCTCT,5-mer,continuous,relative frequency,Normalized relative frequency of the 5-mer GCTCT in the plasmid sequence.,0 only if absent after feature preparation,sequence-derived k-mer composition,False,False,
GCTGA,5-mer,continuous,relative frequency,Normalized relative frequency of the 5-mer GCTGA in the plasmid sequence.,0 only if absent after feature preparation,sequence-derived k-mer composition,False,False,
GCTGC,5-mer,continuous,relative frequency,Normalized relative frequency of the 5-mer GCTGC in the plasmid sequence.,0 only if absent after feature preparation,sequence-derived k-mer composition,False,False,
GCTGG,5-mer,continuous,relative frequency,Normalized relative frequency of the 5-mer GCTGG in the plasmid sequence.,0 only if absent after feature preparation,sequence-derived k-mer composition,False,False,
GCTGT,5-mer,continuous,relative frequency,Normalized relative frequency of the 5-mer GCTGT in the plasmid sequence.,0 only if absent after feature preparation,sequence-derived k-mer composition,False,False,
GCTTA,5-mer,continuous,relative frequency,Normalized relative frequency of the 5-mer GCTTA in the plasmid sequence.,0 only if absent after feature preparation,sequence-derived k-mer composition,False,False,
GCTTC,5-mer,continuous,relative frequency,Normalized relative frequency of the 5-mer GCTTC in the plasmid sequence.,0 only if absent after feature preparation,sequence-derived k-mer composition,False,False,
GCTTG,5-mer,continuous,relative frequency,Normalized relative frequency of the 5-mer GCTTG in the plasmid sequence.,0 only if absent after feature preparation,sequence-derived k-mer composition,False,False,
GCTTT,5-mer,continuous,relative frequency,Normalized relative frequency of the 5-mer GCTTT in the plasmid sequence.,0 only if absent after feature preparation,sequence-derived k-mer composition,False,False,
GGAAA,5-mer,continuous,relative frequency,Normalized relative frequency of the 5-mer GGAAA in the plasmid sequence.,0 only if absent after feature preparation,sequence-derived k-mer composition,False,False,
GGAAC,5-mer,continuous,relative frequency,Normalized relative frequency of the 5-mer GGAAC in the plasmid sequence.,0 only if absent after feature preparation,sequence-derived k-mer composition,False,False,
GGAAG,5-mer,continuous,relative frequency,Normalized relative frequency of the 5-mer GGAAG in the plasmid sequence.,0 only if absent after feature preparation,sequence-derived k-mer composition,False,False,
GGAAT,5-mer,continuous,relative frequency,Normalized relative frequency of the 5-mer GGAAT in the plasmid sequence.,0 only if absent after feature preparation,sequence-derived k-mer composition,False,False,
GGACA,5-mer,continuous,relative frequency,Normalized relative frequency of the 5-mer GGACA in the plasmid sequence.,0 only if absent after feature preparation,sequence-derived k-mer composition,False,False,
GGACC,5-mer,continuous,relative frequency,Normalized relative frequency of the 5-mer GGACC in the plasmid sequence.,0 only if absent after feature preparation,sequence-derived k-mer composition,False,False,
GGACG,5-mer,continuous,relative frequency,Normalized relative frequency of the 5-mer GGACG in the plasmid sequence.,0 only if absent after feature preparation,sequence-derived k-mer composition,False,False,
GGACT,5-mer,continuous,relative frequency,Normalized relative frequency of the 5-mer GGACT in the plasmid sequence.,0 only if absent after feature preparation,sequence-derived k-mer composition,False,False,
GGAGA,5-mer,continuous,relative frequency,Normalized relative frequency of the 5-mer GGAGA in the plasmid sequence.,0 only if absent after feature preparation,sequence-derived k-mer composition,False,False,
GGAGC,5-mer,continuous,relative frequency,Normalized relative frequency of the 5-mer GGAGC in the plasmid sequence.,0 only if absent after feature preparation,sequence-derived k-mer composition,False,False,
GGAGG,5-mer,continuous,relative frequency,Normalized relative frequency of the 5-mer GGAGG in the plasmid sequence.,0 only if absent after feature preparation,sequence-derived k-mer composition,False,False,
GGAGT,5-mer,continuous,relative frequency,Normalized relative frequency of the 5-mer GGAGT in the plasmid sequence.,0 only if absent after feature preparation,sequence-derived k-mer composition,False,False,
GGATA,5-mer,continuous,relative frequency,Normalized relative frequency of the 5-mer GGATA in the plasmid sequence.,0 only if absent after feature preparation,sequence-derived k-mer composition,False,False,
GGATC,5-mer,continuous,relative frequency,Normalized relative frequency of the 5-mer GGATC in the plasmid sequence.,0 only if absent after feature preparation,sequence-derived k-mer composition,False,False,
GGATG,5-mer,continuous,relative frequency,Normalized relative frequency of the 5-mer GGATG in the plasmid sequence.,0 only if absent after feature preparation,sequence-derived k-mer composition,False,False,
GGATT,5-mer,continuous,relative frequency,Normalized relative frequency of the 5-mer GGATT in the plasmid sequence.,0 only if absent after feature preparation,sequence-derived k-mer composition,False,False,
GGCAA,5-mer,continuous,relative frequency,Normalized relative frequency of the 5-mer GGCAA in the plasmid sequence.,0 only if absent after feature preparation,sequence-derived k-mer composition,False,False,
GGCAC,5-mer,continuous,relative frequency,Normalized relative frequency of the 5-mer GGCAC in the plasmid sequence.,0 only if absent after feature preparation,sequence-derived k-mer composition,False,False,
GGCAG,5-mer,continuous,relative frequency,Normalized relative frequency of the 5-mer GGCAG in the plasmid sequence.,0 only if absent after feature preparation,sequence-derived k-mer composition,False,False,
GGCAT,5-mer,continuous,relative frequency,Normalized relative frequency of the 5-mer GGCAT in the plasmid sequence.,0 only if absent after feature preparation,sequence-derived k-mer composition,False,False,
GGCCA,5-mer,continuous,relative frequency,Normalized relative frequency of the 5-mer GGCCA in the plasmid sequence.,0 only if absent after feature preparation,sequence-derived k-mer composition,False,False,
GGCCC,5-mer,continuous,relative frequency,Normalized relative frequency of the 5-mer GGCCC in the plasmid sequence.,0 only if absent after feature preparation,sequence-derived k-mer composition,False,False,
GGCCG,5-mer,continuous,relative frequency,Normalized relative frequency of the 5-mer GGCCG in the plasmid sequence.,0 only if absent after feature preparation,sequence-derived k-mer composition,False,False,
GGCCT,5-mer,continuous,relative frequency,Normalized relative frequency of the 5-mer GGCCT in the plasmid sequence.,0 only if absent after feature preparation,sequence-derived k-mer composition,False,False,
GGCGA,5-mer,continuous,relative frequency,Normalized relative frequency of the 5-mer GGCGA in the plasmid sequence.,0 only if absent after feature preparation,sequence-derived k-mer composition,False,False,
GGCGC,5-mer,continuous,relative frequency,Normalized relative frequency of the 5-mer GGCGC in the plasmid sequence.,0 only if absent after feature preparation,sequence-derived k-mer composition,False,False,
GGCGG,5-mer,continuous,relative frequency,Normalized relative frequency of the 5-mer GGCGG in the plasmid sequence.,0 only if absent after feature preparation,sequence-derived k-mer composition,False,False,
GGCGT,5-mer,continuous,relative frequency,Normalized relative frequency of the 5-mer GGCGT in the plasmid sequence.,0 only if absent after feature preparation,sequence-derived k-mer composition,False,False,
GGCTA,5-mer,continuous,relative frequency,Normalized relative frequency of the 5-mer GGCTA in the plasmid sequence.,0 only if absent after feature preparation,sequence-derived k-mer composition,False,False,
GGCTC,5-mer,continuous,relative frequency,Normalized relative frequency of the 5-mer GGCTC in the plasmid sequence.,0 only if absent after feature preparation,sequence-derived k-mer composition,False,False,
GGCTG,5-mer,continuous,relative frequency,Normalized relative frequency of the 5-mer GGCTG in the plasmid sequence.,0 only if absent after feature preparation,sequence-derived k-mer composition,False,False,
GGCTT,5-mer,continuous,relative frequency,Normalized relative frequency of the 5-mer GGCTT in the plasmid sequence.,0 only if absent after feature preparation,sequence-derived k-mer composition,False,False,
GGGAA,5-mer,continuous,relative frequency,Normalized relative frequency of the 5-mer GGGAA in the plasmid sequence.,0 only if absent after feature preparation,sequence-derived k-mer composition,False,False,
GGGAC,5-mer,continuous,relative frequency,Normalized relative frequency of the 5-mer GGGAC in the plasmid sequence.,0 only if absent after feature preparation,sequence-derived k-mer composition,False,False,
GGGAG,5-mer,continuous,relative frequency,Normalized relative frequency of the 5-mer GGGAG in the plasmid sequence.,0 only if absent after feature preparation,sequence-derived k-mer composition,False,False,
GGGAT,5-mer,continuous,relative frequency,Normalized relative frequency of the 5-mer GGGAT in the plasmid sequence.,0 only if absent after feature preparation,sequence-derived k-mer composition,False,False,
GGGCA,5-mer,continuous,relative frequency,Normalized relative frequency of the 5-mer GGGCA in the plasmid sequence.,0 only if absent after feature preparation,sequence-derived k-mer composition,False,False,
GGGCC,5-mer,continuous,relative frequency,Normalized relative frequency of the 5-mer GGGCC in the plasmid sequence.,0 only if absent after feature preparation,sequence-derived k-mer composition,False,False,
GGGCG,5-mer,continuous,relative frequency,Normalized relative frequency of the 5-mer GGGCG in the plasmid sequence.,0 only if absent after feature preparation,sequence-derived k-mer composition,False,False,
GGGCT,5-mer,continuous,relative frequency,Normalized relative frequency of the 5-mer GGGCT in the plasmid sequence.,0 only if absent after feature preparation,sequence-derived k-mer composition,False,False,
GGGGA,5-mer,continuous,relative frequency,Normalized relative frequency of the 5-mer GGGGA in the plasmid sequence.,0 only if absent after feature preparation,sequence-derived k-mer composition,False,False,
GGGGC,5-mer,continuous,relative frequency,Normalized relative frequency of the 5-mer GGGGC in the plasmid sequence.,0 only if absent after feature preparation,sequence-derived k-mer composition,False,False,
GGGGG,5-mer,continuous,relative frequency,Normalized relative frequency of the 5-mer GGGGG in the plasmid sequence.,0 only if absent after feature preparation,sequence-derived k-mer composition,False,False,
GGGGT,5-mer,continuous,relative frequency,Normalized relative frequency of the 5-mer GGGGT in the plasmid sequence.,0 only if absent after feature preparation,sequence-derived k-mer composition,False,False,
GGGTA,5-mer,continuous,relative frequency,Normalized relative frequency of the 5-mer GGGTA in the plasmid sequence.,0 only if absent after feature preparation,sequence-derived k-mer composition,False,False,
GGGTC,5-mer,continuous,relative frequency,Normalized relative frequency of the 5-mer GGGTC in the plasmid sequence.,0 only if absent after feature preparation,sequence-derived k-mer composition,False,False,
GGGTG,5-mer,continuous,relative frequency,Normalized relative frequency of the 5-mer GGGTG in the plasmid sequence.,0 only if absent after feature preparation,sequence-derived k-mer composition,False,False,
GGGTT,5-mer,continuous,relative frequency,Normalized relative frequency of the 5-mer GGGTT in the plasmid sequence.,0 only if absent after feature preparation,sequence-derived k-mer composition,False,False,
GGTAA,5-mer,continuous,relative frequency,Normalized relative frequency of the 5-mer GGTAA in the plasmid sequence.,0 only if absent after feature preparation,sequence-derived k-mer composition,False,False,
GGTAC,5-mer,continuous,relative frequency,Normalized relative frequency of the 5-mer GGTAC in the plasmid sequence.,0 only if absent after feature preparation,sequence-derived k-mer composition,False,False,
GGTAG,5-mer,continuous,relative frequency,Normalized relative frequency of the 5-mer GGTAG in the plasmid sequence.,0 only if absent after feature preparation,sequence-derived k-mer composition,False,False,
GGTAT,5-mer,continuous,relative frequency,Normalized relative frequency of the 5-mer GGTAT in the plasmid sequence.,0 only if absent after feature preparation,sequence-derived k-mer composition,False,False,
GGTCA,5-mer,continuous,relative frequency,Normalized relative frequency of the 5-mer GGTCA in the plasmid sequence.,0 only if absent after feature preparation,sequence-derived k-mer composition,False,False,
GGTCC,5-mer,continuous,relative frequency,Normalized relative frequency of the 5-mer GGTCC in the plasmid sequence.,0 only if absent after feature preparation,sequence-derived k-mer composition,False,False,
GGTCG,5-mer,continuous,relative frequency,Normalized relative frequency of the 5-mer GGTCG in the plasmid sequence.,0 only if absent after feature preparation,sequence-derived k-mer composition,False,False,
GGTCT,5-mer,continuous,relative frequency,Normalized relative frequency of the 5-mer GGTCT in the plasmid sequence.,0 only if absent after feature preparation,sequence-derived k-mer composition,False,False,
GGTGA,5-mer,continuous,relative frequency,Normalized relative frequency of the 5-mer GGTGA in the plasmid sequence.,0 only if absent after feature preparation,sequence-derived k-mer composition,False,False,
GGTGC,5-mer,continuous,relative frequency,Normalized relative frequency of the 5-mer GGTGC in the plasmid sequence.,0 only if absent after feature preparation,sequence-derived k-mer composition,False,False,
GGTGG,5-mer,continuous,relative frequency,Normalized relative frequency of the 5-mer GGTGG in the plasmid sequence.,0 only if absent after feature preparation,sequence-derived k-mer composition,False,False,
GGTGT,5-mer,continuous,relative frequency,Normalized relative frequency of the 5-mer GGTGT in the plasmid sequence.,0 only if absent after feature preparation,sequence-derived k-mer composition,False,False,
GGTTA,5-mer,continuous,relative frequency,Normalized relative frequency of the 5-mer GGTTA in the plasmid sequence.,0 only if absent after feature preparation,sequence-derived k-mer composition,False,False,
GGTTC,5-mer,continuous,relative frequency,Normalized relative frequency of the 5-mer GGTTC in the plasmid sequence.,0 only if absent after feature preparation,sequence-derived k-mer composition,False,False,
GGTTG,5-mer,continuous,relative frequency,Normalized relative frequency of the 5-mer GGTTG in the plasmid sequence.,0 only if absent after feature preparation,sequence-derived k-mer composition,False,False,
GGTTT,5-mer,continuous,relative frequency,Normalized relative frequency of the 5-mer GGTTT in the plasmid sequence.,0 only if absent after feature preparation,sequence-derived k-mer composition,False,False,
GTAAA,5-mer,continuous,relative frequency,Normalized relative frequency of the 5-mer GTAAA in the plasmid sequence.,0 only if absent after feature preparation,sequence-derived k-mer composition,False,False,
GTAAC,5-mer,continuous,relative frequency,Normalized relative frequency of the 5-mer GTAAC in the plasmid sequence.,0 only if absent after feature preparation,sequence-derived k-mer composition,False,False,
GTAAG,5-mer,continuous,relative frequency,Normalized relative frequency of the 5-mer GTAAG in the plasmid sequence.,0 only if absent after feature preparation,sequence-derived k-mer composition,False,False,
GTAAT,5-mer,continuous,relative frequency,Normalized relative frequency of the 5-mer GTAAT in the plasmid sequence.,0 only if absent after feature preparation,sequence-derived k-mer composition,False,False,
GTACA,5-mer,continuous,relative frequency,Normalized relative frequency of the 5-mer GTACA in the plasmid sequence.,0 only if absent after feature preparation,sequence-derived k-mer composition,False,False,
GTACC,5-mer,continuous,relative frequency,Normalized relative frequency of the 5-mer GTACC in the plasmid sequence.,0 only if absent after feature preparation,sequence-derived k-mer composition,False,False,
GTACG,5-mer,continuous,relative frequency,Normalized relative frequency of the 5-mer GTACG in the plasmid sequence.,0 only if absent after feature preparation,sequence-derived k-mer composition,False,False,
GTACT,5-mer,continuous,relative frequency,Normalized relative frequency of the 5-mer GTACT in the plasmid sequence.,0 only if absent after feature preparation,sequence-derived k-mer composition,False,False,
GTAGA,5-mer,continuous,relative frequency,Normalized relative frequency of the 5-mer GTAGA in the plasmid sequence.,0 only if absent after feature preparation,sequence-derived k-mer composition,False,False,
GTAGC,5-mer,continuous,relative frequency,Normalized relative frequency of the 5-mer GTAGC in the plasmid sequence.,0 only if absent after feature preparation,sequence-derived k-mer composition,False,False,
GTAGG,5-mer,continuous,relative frequency,Normalized relative frequency of the 5-mer GTAGG in the plasmid sequence.,0 only if absent after feature preparation,sequence-derived k-mer composition,False,False,
GTAGT,5-mer,continuous,relative frequency,Normalized relative frequency of the 5-mer GTAGT in the plasmid sequence.,0 only if absent after feature preparation,sequence-derived k-mer composition,False,False,
GTATA,5-mer,continuous,relative frequency,Normalized relative frequency of the 5-mer GTATA in the plasmid sequence.,0 only if absent after feature preparation,sequence-derived k-mer composition,False,False,
GTATC,5-mer,continuous,relative frequency,Normalized relative frequency of the 5-mer GTATC in the plasmid sequence.,0 only if absent after feature preparation,sequence-derived k-mer composition,False,False,
GTATG,5-mer,continuous,relative frequency,Normalized relative frequency of the 5-mer GTATG in the plasmid sequence.,0 only if absent after feature preparation,sequence-derived k-mer composition,False,False,
GTATT,5-mer,continuous,relative frequency,Normalized relative frequency of the 5-mer GTATT in the plasmid sequence.,0 only if absent after feature preparation,sequence-derived k-mer composition,False,False,
GTCAA,5-mer,continuous,relative frequency,Normalized relative frequency of the 5-mer GTCAA in the plasmid sequence.,0 only if absent after feature preparation,sequence-derived k-mer composition,False,False,
GTCAC,5-mer,continuous,relative frequency,Normalized relative frequency of the 5-mer GTCAC in the plasmid sequence.,0 only if absent after feature preparation,sequence-derived k-mer composition,False,False,
GTCAG,5-mer,continuous,relative frequency,Normalized relative frequency of the 5-mer GTCAG in the plasmid sequence.,0 only if absent after feature preparation,sequence-derived k-mer composition,False,False,
GTCAT,5-mer,continuous,relative frequency,Normalized relative frequency of the 5-mer GTCAT in the plasmid sequence.,0 only if absent after feature preparation,sequence-derived k-mer composition,False,False,
GTCCA,5-mer,continuous,relative frequency,Normalized relative frequency of the 5-mer GTCCA in the plasmid sequence.,0 only if absent after feature preparation,sequence-derived k-mer composition,False,False,
GTCCC,5-mer,continuous,relative frequency,Normalized relative frequency of the 5-mer GTCCC in the plasmid sequence.,0 only if absent after feature preparation,sequence-derived k-mer composition,False,False,
GTCCG,5-mer,continuous,relative frequency,Normalized relative frequency of the 5-mer GTCCG in the plasmid sequence.,0 only if absent after feature preparation,sequence-derived k-mer composition,False,False,
GTCCT,5-mer,continuous,relative frequency,Normalized relative frequency of the 5-mer GTCCT in the plasmid sequence.,0 only if absent after feature preparation,sequence-derived k-mer composition,False,False,
GTCGA,5-mer,continuous,relative frequency,Normalized relative frequency of the 5-mer GTCGA in the plasmid sequence.,0 only if absent after feature preparation,sequence-derived k-mer composition,False,False,
GTCGC,5-mer,continuous,relative frequency,Normalized relative frequency of the 5-mer GTCGC in the plasmid sequence.,0 only if absent after feature preparation,sequence-derived k-mer composition,False,False,
GTCGG,5-mer,continuous,relative frequency,Normalized relative frequency of the 5-mer GTCGG in the plasmid sequence.,0 only if absent after feature preparation,sequence-derived k-mer composition,False,False,
GTCGT,5-mer,continuous,relative frequency,Normalized relative frequency of the 5-mer GTCGT in the plasmid sequence.,0 only if absent after feature preparation,sequence-derived k-mer composition,False,False,
GTCTA,5-mer,continuous,relative frequency,Normalized relative frequency of the 5-mer GTCTA in the plasmid sequence.,0 only if absent after feature preparation,sequence-derived k-mer composition,False,False,
GTCTC,5-mer,continuous,relative frequency,Normalized relative frequency of the 5-mer GTCTC in the plasmid sequence.,0 only if absent after feature preparation,sequence-derived k-mer composition,False,False,
GTCTG,5-mer,continuous,relative frequency,Normalized relative frequency of the 5-mer GTCTG in the plasmid sequence.,0 only if absent after feature preparation,sequence-derived k-mer composition,False,False,
GTCTT,5-mer,continuous,relative frequency,Normalized relative frequency of the 5-mer GTCTT in the plasmid sequence.,0 only if absent after feature preparation,sequence-derived k-mer composition,False,False,
GTGAA,5-mer,continuous,relative frequency,Normalized relative frequency of the 5-mer GTGAA in the plasmid sequence.,0 only if absent after feature preparation,sequence-derived k-mer composition,False,False,
GTGAC,5-mer,continuous,relative frequency,Normalized relative frequency of the 5-mer GTGAC in the plasmid sequence.,0 only if absent after feature preparation,sequence-derived k-mer composition,False,False,
GTGAG,5-mer,continuous,relative frequency,Normalized relative frequency of the 5-mer GTGAG in the plasmid sequence.,0 only if absent after feature preparation,sequence-derived k-mer composition,False,False,
GTGAT,5-mer,continuous,relative frequency,Normalized relative frequency of the 5-mer GTGAT in the plasmid sequence.,0 only if absent after feature preparation,sequence-derived k-mer composition,False,False,
GTGCA,5-mer,continuous,relative frequency,Normalized relative frequency of the 5-mer GTGCA in the plasmid sequence.,0 only if absent after feature preparation,sequence-derived k-mer composition,False,False,
GTGCC,5-mer,continuous,relative frequency,Normalized relative frequency of the 5-mer GTGCC in the plasmid sequence.,0 only if absent after feature preparation,sequence-derived k-mer composition,False,False,
GTGCG,5-mer,continuous,relative frequency,Normalized relative frequency of the 5-mer GTGCG in the plasmid sequence.,0 only if absent after feature preparation,sequence-derived k-mer composition,False,False,
GTGCT,5-mer,continuous,relative frequency,Normalized relative frequency of the 5-mer GTGCT in the plasmid sequence.,0 only if absent after feature preparation,sequence-derived k-mer composition,False,False,
GTGGA,5-mer,continuous,relative frequency,Normalized relative frequency of the 5-mer GTGGA in the plasmid sequence.,0 only if absent after feature preparation,sequence-derived k-mer composition,False,False,
GTGGC,5-mer,continuous,relative frequency,Normalized relative frequency of the 5-mer GTGGC in the plasmid sequence.,0 only if absent after feature preparation,sequence-derived k-mer composition,False,False,
GTGGG,5-mer,continuous,relative frequency,Normalized relative frequency of the 5-mer GTGGG in the plasmid sequence.,0 only if absent after feature preparation,sequence-derived k-mer composition,False,False,
GTGGT,5-mer,continuous,relative frequency,Normalized relative frequency of the 5-mer GTGGT in the plasmid sequence.,0 only if absent after feature preparation,sequence-derived k-mer composition,False,False,
GTGTA,5-mer,continuous,relative frequency,Normalized relative frequency of the 5-mer GTGTA in the plasmid sequence.,0 only if absent after feature preparation,sequence-derived k-mer composition,False,False,
GTGTC,5-mer,continuous,relative frequency,Normalized relative frequency of the 5-mer GTGTC in the plasmid sequence.,0 only if absent after feature preparation,sequence-derived k-mer composition,False,False,
GTGTG,5-mer,continuous,relative frequency,Normalized relative frequency of the 5-mer GTGTG in the plasmid sequence.,0 only if absent after feature preparation,sequence-derived k-mer composition,False,False,
GTGTT,5-mer,continuous,relative frequency,Normalized relative frequency of the 5-mer GTGTT in the plasmid sequence.,0 only if absent after feature preparation,sequence-derived k-mer composition,False,False,
GTTAA,5-mer,continuous,relative frequency,Normalized relative frequency of the 5-mer GTTAA in the plasmid sequence.,0 only if absent after feature preparation,sequence-derived k-mer composition,False,False,
GTTAC,5-mer,continuous,relative frequency,Normalized relative frequency of the 5-mer GTTAC in the plasmid sequence.,0 only if absent after feature preparation,sequence-derived k-mer composition,False,False,
GTTAG,5-mer,continuous,relative frequency,Normalized relative frequency of the 5-mer GTTAG in the plasmid sequence.,0 only if absent after feature preparation,sequence-derived k-mer composition,False,False,
GTTAT,5-mer,continuous,relative frequency,Normalized relative frequency of the 5-mer GTTAT in the plasmid sequence.,0 only if absent after feature preparation,sequence-derived k-mer composition,False,False,
GTTCA,5-mer,continuous,relative frequency,Normalized relative frequency of the 5-mer GTTCA in the plasmid sequence.,0 only if absent after feature preparation,sequence-derived k-mer composition,False,False,
GTTCC,5-mer,continuous,relative frequency,Normalized relative frequency of the 5-mer GTTCC in the plasmid sequence.,0 only if absent after feature preparation,sequence-derived k-mer composition,False,False,
GTTCG,5-mer,continuous,relative frequency,Normalized relative frequency of the 5-mer GTTCG in the plasmid sequence.,0 only if absent after feature preparation,sequence-derived k-mer composition,False,False,
GTTCT,5-mer,continuous,relative frequency,Normalized relative frequency of the 5-mer GTTCT in the plasmid sequence.,0 only if absent after feature preparation,sequence-derived k-mer composition,False,False,
GTTGA,5-mer,continuous,relative frequency,Normalized relative frequency of the 5-mer GTTGA in the plasmid sequence.,0 only if absent after feature preparation,sequence-derived k-mer composition,False,False,
GTTGC,5-mer,continuous,relative frequency,Normalized relative frequency of the 5-mer GTTGC in the plasmid sequence.,0 only if absent after feature preparation,sequence-derived k-mer composition,False,False,
GTTGG,5-mer,continuous,relative frequency,Normalized relative frequency of the 5-mer GTTGG in the plasmid sequence.,0 only if absent after feature preparation,sequence-derived k-mer composition,False,False,
GTTGT,5-mer,continuous,relative frequency,Normalized relative frequency of the 5-mer GTTGT in the plasmid sequence.,0 only if absent after feature preparation,sequence-derived k-mer composition,False,False,
GTTTA,5-mer,continuous,relative frequency,Normalized relative frequency of the 5-mer GTTTA in the plasmid sequence.,0 only if absent after feature preparation,sequence-derived k-mer composition,False,False,
GTTTC,5-mer,continuous,relative frequency,Normalized relative frequency of the 5-mer GTTTC in the plasmid sequence.,0 only if absent after feature preparation,sequence-derived k-mer composition,False,False,
GTTTG,5-mer,continuous,relative frequency,Normalized relative frequency of the 5-mer GTTTG in the plasmid sequence.,0 only if absent after feature preparation,sequence-derived k-mer composition,False,False,
GTTTT,5-mer,continuous,relative frequency,Normalized relative frequency of the 5-mer GTTTT in the plasmid sequence.,0 only if absent after feature preparation,sequence-derived k-mer composition,False,False,
TAAAA,5-mer,continuous,relative frequency,Normalized relative frequency of the 5-mer TAAAA in the plasmid sequence.,0 only if absent after feature preparation,sequence-derived k-mer composition,False,False,
TAAAC,5-mer,continuous,relative frequency,Normalized relative frequency of the 5-mer TAAAC in the plasmid sequence.,0 only if absent after feature preparation,sequence-derived k-mer composition,False,False,
TAAAG,5-mer,continuous,relative frequency,Normalized relative frequency of the 5-mer TAAAG in the plasmid sequence.,0 only if absent after feature preparation,sequence-derived k-mer composition,False,False,
TAAAT,5-mer,continuous,relative frequency,Normalized relative frequency of the 5-mer TAAAT in the plasmid sequence.,0 only if absent after feature preparation,sequence-derived k-mer composition,False,False,
TAACA,5-mer,continuous,relative frequency,Normalized relative frequency of the 5-mer TAACA in the plasmid sequence.,0 only if absent after feature preparation,sequence-derived k-mer composition,False,False,
TAACC,5-mer,continuous,relative frequency,Normalized relative frequency of the 5-mer TAACC in the plasmid sequence.,0 only if absent after feature preparation,sequence-derived k-mer composition,False,False,
TAACG,5-mer,continuous,relative frequency,Normalized relative frequency of the 5-mer TAACG in the plasmid sequence.,0 only if absent after feature preparation,sequence-derived k-mer composition,False,False,
TAACT,5-mer,continuous,relative frequency,Normalized relative frequency of the 5-mer TAACT in the plasmid sequence.,0 only if absent after feature preparation,sequence-derived k-mer composition,False,False,
TAAGA,5-mer,continuous,relative frequency,Normalized relative frequency of the 5-mer TAAGA in the plasmid sequence.,0 only if absent after feature preparation,sequence-derived k-mer composition,False,False,
TAAGC,5-mer,continuous,relative frequency,Normalized relative frequency of the 5-mer TAAGC in the plasmid sequence.,0 only if absent after feature preparation,sequence-derived k-mer composition,False,False,
TAAGG,5-mer,continuous,relative frequency,Normalized relative frequency of the 5-mer TAAGG in the plasmid sequence.,0 only if absent after feature preparation,sequence-derived k-mer composition,False,False,
TAAGT,5-mer,continuous,relative frequency,Normalized relative frequency of the 5-mer TAAGT in the plasmid sequence.,0 only if absent after feature preparation,sequence-derived k-mer composition,False,False,
TAATA,5-mer,continuous,relative frequency,Normalized relative frequency of the 5-mer TAATA in the plasmid sequence.,0 only if absent after feature preparation,sequence-derived k-mer composition,False,False,
TAATC,5-mer,continuous,relative frequency,Normalized relative frequency of the 5-mer TAATC in the plasmid sequence.,0 only if absent after feature preparation,sequence-derived k-mer composition,False,False,
TAATG,5-mer,continuous,relative frequency,Normalized relative frequency of the 5-mer TAATG in the plasmid sequence.,0 only if absent after feature preparation,sequence-derived k-mer composition,False,False,
TAATT,5-mer,continuous,relative frequency,Normalized relative frequency of the 5-mer TAATT in the plasmid sequence.,0 only if absent after feature preparation,sequence-derived k-mer composition,False,False,
TACAA,5-mer,continuous,relative frequency,Normalized relative frequency of the 5-mer TACAA in the plasmid sequence.,0 only if absent after feature preparation,sequence-derived k-mer composition,False,False,
TACAC,5-mer,continuous,relative frequency,Normalized relative frequency of the 5-mer TACAC in the plasmid sequence.,0 only if absent after feature preparation,sequence-derived k-mer composition,False,False,
TACAG,5-mer,continuous,relative frequency,Normalized relative frequency of the 5-mer TACAG in the plasmid sequence.,0 only if absent after feature preparation,sequence-derived k-mer composition,False,False,
TACAT,5-mer,continuous,relative frequency,Normalized relative frequency of the 5-mer TACAT in the plasmid sequence.,0 only if absent after feature preparation,sequence-derived k-mer composition,False,False,
TACCA,5-mer,continuous,relative frequency,Normalized relative frequency of the 5-mer TACCA in the plasmid sequence.,0 only if absent after feature preparation,sequence-derived k-mer composition,False,False,
TACCC,5-mer,continuous,relative frequency,Normalized relative frequency of the 5-mer TACCC in the plasmid sequence.,0 only if absent after feature preparation,sequence-derived k-mer composition,False,False,
TACCG,5-mer,continuous,relative frequency,Normalized relative frequency of the 5-mer TACCG in the plasmid sequence.,0 only if absent after feature preparation,sequence-derived k-mer composition,False,False,
TACCT,5-mer,continuous,relative frequency,Normalized relative frequency of the 5-mer TACCT in the plasmid sequence.,0 only if absent after feature preparation,sequence-derived k-mer composition,False,False,
TACGA,5-mer,continuous,relative frequency,Normalized relative frequency of the 5-mer TACGA in the plasmid sequence.,0 only if absent after feature preparation,sequence-derived k-mer composition,False,False,
TACGC,5-mer,continuous,relative frequency,Normalized relative frequency of the 5-mer TACGC in the plasmid sequence.,0 only if absent after feature preparation,sequence-derived k-mer composition,False,False,
TACGG,5-mer,continuous,relative frequency,Normalized relative frequency of the 5-mer TACGG in the plasmid sequence.,0 only if absent after feature preparation,sequence-derived k-mer composition,False,False,
TACGT,5-mer,continuous,relative frequency,Normalized relative frequency of the 5-mer TACGT in the plasmid sequence.,0 only if absent after feature preparation,sequence-derived k-mer composition,False,False,
TACTA,5-mer,continuous,relative frequency,Normalized relative frequency of the 5-mer TACTA in the plasmid sequence.,0 only if absent after feature preparation,sequence-derived k-mer composition,False,False,
TACTC,5-mer,continuous,relative frequency,Normalized relative frequency of the 5-mer TACTC in the plasmid sequence.,0 only if absent after feature preparation,sequence-derived k-mer composition,False,False,
TACTG,5-mer,continuous,relative frequency,Normalized relative frequency of the 5-mer TACTG in the plasmid sequence.,0 only if absent after feature preparation,sequence-derived k-mer composition,False,False,
TACTT,5-mer,continuous,relative frequency,Normalized relative frequency of the 5-mer TACTT in the plasmid sequence.,0 only if absent after feature preparation,sequence-derived k-mer composition,False,False,
TAGAA,5-mer,continuous,relative frequency,Normalized relative frequency of the 5-mer TAGAA in the plasmid sequence.,0 only if absent after feature preparation,sequence-derived k-mer composition,False,False,
TAGAC,5-mer,continuous,relative frequency,Normalized relative frequency of the 5-mer TAGAC in the plasmid sequence.,0 only if absent after feature preparation,sequence-derived k-mer composition,False,False,
TAGAG,5-mer,continuous,relative frequency,Normalized relative frequency of the 5-mer TAGAG in the plasmid sequence.,0 only if absent after feature preparation,sequence-derived k-mer composition,False,False,
TAGAT,5-mer,continuous,relative frequency,Normalized relative frequency of the 5-mer TAGAT in the plasmid sequence.,0 only if absent after feature preparation,sequence-derived k-mer composition,False,False,
TAGCA,5-mer,continuous,relative frequency,Normalized relative frequency of the 5-mer TAGCA in the plasmid sequence.,0 only if absent after feature preparation,sequence-derived k-mer composition,False,False,
TAGCC,5-mer,continuous,relative frequency,Normalized relative frequency of the 5-mer TAGCC in the plasmid sequence.,0 only if absent after feature preparation,sequence-derived k-mer composition,False,False,
TAGCG,5-mer,continuous,relative frequency,Normalized relative frequency of the 5-mer TAGCG in the plasmid sequence.,0 only if absent after feature preparation,sequence-derived k-mer composition,False,False,
TAGCT,5-mer,continuous,relative frequency,Normalized relative frequency of the 5-mer TAGCT in the plasmid sequence.,0 only if absent after feature preparation,sequence-derived k-mer composition,False,False,
TAGGA,5-mer,continuous,relative frequency,Normalized relative frequency of the 5-mer TAGGA in the plasmid sequence.,0 only if absent after feature preparation,sequence-derived k-mer composition,False,False,
TAGGC,5-mer,continuous,relative frequency,Normalized relative frequency of the 5-mer TAGGC in the plasmid sequence.,0 only if absent after feature preparation,sequence-derived k-mer composition,False,False,
TAGGG,5-mer,continuous,relative frequency,Normalized relative frequency of the 5-mer TAGGG in the plasmid sequence.,0 only if absent after feature preparation,sequence-derived k-mer composition,False,False,
TAGGT,5-mer,continuous,relative frequency,Normalized relative frequency of the 5-mer TAGGT in the plasmid sequence.,0 only if absent after feature preparation,sequence-derived k-mer composition,False,False,
TAGTA,5-mer,continuous,relative frequency,Normalized relative frequency of the 5-mer TAGTA in the plasmid sequence.,0 only if absent after feature preparation,sequence-derived k-mer composition,False,False,
TAGTC,5-mer,continuous,relative frequency,Normalized relative frequency of the 5-mer TAGTC in the plasmid sequence.,0 only if absent after feature preparation,sequence-derived k-mer composition,False,False,
TAGTG,5-mer,continuous,relative frequency,Normalized relative frequency of the 5-mer TAGTG in the plasmid sequence.,0 only if absent after feature preparation,sequence-derived k-mer composition,False,False,
TAGTT,5-mer,continuous,relative frequency,Normalized relative frequency of the 5-mer TAGTT in the plasmid sequence.,0 only if absent after feature preparation,sequence-derived k-mer composition,False,False,
TATAA,5-mer,continuous,relative frequency,Normalized relative frequency of the 5-mer TATAA in the plasmid sequence.,0 only if absent after feature preparation,sequence-derived k-mer composition,False,False,
TATAC,5-mer,continuous,relative frequency,Normalized relative frequency of the 5-mer TATAC in the plasmid sequence.,0 only if absent after feature preparation,sequence-derived k-mer composition,False,False,
TATAG,5-mer,continuous,relative frequency,Normalized relative frequency of the 5-mer TATAG in the plasmid sequence.,0 only if absent after feature preparation,sequence-derived k-mer composition,False,False,
TATAT,5-mer,continuous,relative frequency,Normalized relative frequency of the 5-mer TATAT in the plasmid sequence.,0 only if absent after feature preparation,sequence-derived k-mer composition,False,False,
TATCA,5-mer,continuous,relative frequency,Normalized relative frequency of the 5-mer TATCA in the plasmid sequence.,0 only if absent after feature preparation,sequence-derived k-mer composition,False,False,
TATCC,5-mer,continuous,relative frequency,Normalized relative frequency of the 5-mer TATCC in the plasmid sequence.,0 only if absent after feature preparation,sequence-derived k-mer composition,False,False,
TATCG,5-mer,continuous,relative frequency,Normalized relative frequency of the 5-mer TATCG in the plasmid sequence.,0 only if absent after feature preparation,sequence-derived k-mer composition,False,False,
TATCT,5-mer,continuous,relative frequency,Normalized relative frequency of the 5-mer TATCT in the plasmid sequence.,0 only if absent after feature preparation,sequence-derived k-mer composition,False,False,
TATGA,5-mer,continuous,relative frequency,Normalized relative frequency of the 5-mer TATGA in the plasmid sequence.,0 only if absent after feature preparation,sequence-derived k-mer composition,False,False,
TATGC,5-mer,continuous,relative frequency,Normalized relative frequency of the 5-mer TATGC in the plasmid sequence.,0 only if absent after feature preparation,sequence-derived k-mer composition,False,False,
TATGG,5-mer,continuous,relative frequency,Normalized relative frequency of the 5-mer TATGG in the plasmid sequence.,0 only if absent after feature preparation,sequence-derived k-mer composition,False,False,
TATGT,5-mer,continuous,relative frequency,Normalized relative frequency of the 5-mer TATGT in the plasmid sequence.,0 only if absent after feature preparation,sequence-derived k-mer composition,False,False,
TATTA,5-mer,continuous,relative frequency,Normalized relative frequency of the 5-mer TATTA in the plasmid sequence.,0 only if absent after feature preparation,sequence-derived k-mer composition,False,False,
TATTC,5-mer,continuous,relative frequency,Normalized relative frequency of the 5-mer TATTC in the plasmid sequence.,0 only if absent after feature preparation,sequence-derived k-mer composition,False,False,
TATTG,5-mer,continuous,relative frequency,Normalized relative frequency of the 5-mer TATTG in the plasmid sequence.,0 only if absent after feature preparation,sequence-derived k-mer composition,False,False,
TATTT,5-mer,continuous,relative frequency,Normalized relative frequency of the 5-mer TATTT in the plasmid sequence.,0 only if absent after feature preparation,sequence-derived k-mer composition,False,False,
TCAAA,5-mer,continuous,relative frequency,Normalized relative frequency of the 5-mer TCAAA in the plasmid sequence.,0 only if absent after feature preparation,sequence-derived k-mer composition,False,False,
TCAAC,5-mer,continuous,relative frequency,Normalized relative frequency of the 5-mer TCAAC in the plasmid sequence.,0 only if absent after feature preparation,sequence-derived k-mer composition,False,False,
TCAAG,5-mer,continuous,relative frequency,Normalized relative frequency of the 5-mer TCAAG in the plasmid sequence.,0 only if absent after feature preparation,sequence-derived k-mer composition,False,False,
TCAAT,5-mer,continuous,relative frequency,Normalized relative frequency of the 5-mer TCAAT in the plasmid sequence.,0 only if absent after feature preparation,sequence-derived k-mer composition,False,False,
TCACA,5-mer,continuous,relative frequency,Normalized relative frequency of the 5-mer TCACA in the plasmid sequence.,0 only if absent after feature preparation,sequence-derived k-mer composition,False,False,
TCACC,5-mer,continuous,relative frequency,Normalized relative frequency of the 5-mer TCACC in the plasmid sequence.,0 only if absent after feature preparation,sequence-derived k-mer composition,False,False,
TCACG,5-mer,continuous,relative frequency,Normalized relative frequency of the 5-mer TCACG in the plasmid sequence.,0 only if absent after feature preparation,sequence-derived k-mer composition,False,False,
TCACT,5-mer,continuous,relative frequency,Normalized relative frequency of the 5-mer TCACT in the plasmid sequence.,0 only if absent after feature preparation,sequence-derived k-mer composition,False,False,
TCAGA,5-mer,continuous,relative frequency,Normalized relative frequency of the 5-mer TCAGA in the plasmid sequence.,0 only if absent after feature preparation,sequence-derived k-mer composition,False,False,
TCAGC,5-mer,continuous,relative frequency,Normalized relative frequency of the 5-mer TCAGC in the plasmid sequence.,0 only if absent after feature preparation,sequence-derived k-mer composition,False,False,
TCAGG,5-mer,continuous,relative frequency,Normalized relative frequency of the 5-mer TCAGG in the plasmid sequence.,0 only if absent after feature preparation,sequence-derived k-mer composition,False,False,
TCAGT,5-mer,continuous,relative frequency,Normalized relative frequency of the 5-mer TCAGT in the plasmid sequence.,0 only if absent after feature preparation,sequence-derived k-mer composition,False,False,
TCATA,5-mer,continuous,relative frequency,Normalized relative frequency of the 5-mer TCATA in the plasmid sequence.,0 only if absent after feature preparation,sequence-derived k-mer composition,False,False,
TCATC,5-mer,continuous,relative frequency,Normalized relative frequency of the 5-mer TCATC in the plasmid sequence.,0 only if absent after feature preparation,sequence-derived k-mer composition,False,False,
TCATG,5-mer,continuous,relative frequency,Normalized relative frequency of the 5-mer TCATG in the plasmid sequence.,0 only if absent after feature preparation,sequence-derived k-mer composition,False,False,
TCATT,5-mer,continuous,relative frequency,Normalized relative frequency of the 5-mer TCATT in the plasmid sequence.,0 only if absent after feature preparation,sequence-derived k-mer composition,False,False,
TCCAA,5-mer,continuous,relative frequency,Normalized relative frequency of the 5-mer TCCAA in the plasmid sequence.,0 only if absent after feature preparation,sequence-derived k-mer composition,False,False,
TCCAC,5-mer,continuous,relative frequency,Normalized relative frequency of the 5-mer TCCAC in the plasmid sequence.,0 only if absent after feature preparation,sequence-derived k-mer composition,False,False,
TCCAG,5-mer,continuous,relative frequency,Normalized relative frequency of the 5-mer TCCAG in the plasmid sequence.,0 only if absent after feature preparation,sequence-derived k-mer composition,False,False,
TCCAT,5-mer,continuous,relative frequency,Normalized relative frequency of the 5-mer TCCAT in the plasmid sequence.,0 only if absent after feature preparation,sequence-derived k-mer composition,False,False,
TCCCA,5-mer,continuous,relative frequency,Normalized relative frequency of the 5-mer TCCCA in the plasmid sequence.,0 only if absent after feature preparation,sequence-derived k-mer composition,False,False,
TCCCC,5-mer,continuous,relative frequency,Normalized relative frequency of the 5-mer TCCCC in the plasmid sequence.,0 only if absent after feature preparation,sequence-derived k-mer composition,False,False,
TCCCG,5-mer,continuous,relative frequency,Normalized relative frequency of the 5-mer TCCCG in the plasmid sequence.,0 only if absent after feature preparation,sequence-derived k-mer composition,False,False,
TCCCT,5-mer,continuous,relative frequency,Normalized relative frequency of the 5-mer TCCCT in the plasmid sequence.,0 only if absent after feature preparation,sequence-derived k-mer composition,False,False,
TCCGA,5-mer,continuous,relative frequency,Normalized relative frequency of the 5-mer TCCGA in the plasmid sequence.,0 only if absent after feature preparation,sequence-derived k-mer composition,False,False,
TCCGC,5-mer,continuous,relative frequency,Normalized relative frequency of the 5-mer TCCGC in the plasmid sequence.,0 only if absent after feature preparation,sequence-derived k-mer composition,False,False,
TCCGG,5-mer,continuous,relative frequency,Normalized relative frequency of the 5-mer TCCGG in the plasmid sequence.,0 only if absent after feature preparation,sequence-derived k-mer composition,False,False,
TCCGT,5-mer,continuous,relative frequency,Normalized relative frequency of the 5-mer TCCGT in the plasmid sequence.,0 only if absent after feature preparation,sequence-derived k-mer composition,False,False,
TCCTA,5-mer,continuous,relative frequency,Normalized relative frequency of the 5-mer TCCTA in the plasmid sequence.,0 only if absent after feature preparation,sequence-derived k-mer composition,False,False,
TCCTC,5-mer,continuous,relative frequency,Normalized relative frequency of the 5-mer TCCTC in the plasmid sequence.,0 only if absent after feature preparation,sequence-derived k-mer composition,False,False,
TCCTG,5-mer,continuous,relative frequency,Normalized relative frequency of the 5-mer TCCTG in the plasmid sequence.,0 only if absent after feature preparation,sequence-derived k-mer composition,False,False,
TCCTT,5-mer,continuous,relative frequency,Normalized relative frequency of the 5-mer TCCTT in the plasmid sequence.,0 only if absent after feature preparation,sequence-derived k-mer composition,False,False,
TCGAA,5-mer,continuous,relative frequency,Normalized relative frequency of the 5-mer TCGAA in the plasmid sequence.,0 only if absent after feature preparation,sequence-derived k-mer composition,False,False,
TCGAC,5-mer,continuous,relative frequency,Normalized relative frequency of the 5-mer TCGAC in the plasmid sequence.,0 only if absent after feature preparation,sequence-derived k-mer composition,False,False,
TCGAG,5-mer,continuous,relative frequency,Normalized relative frequency of the 5-mer TCGAG in the plasmid sequence.,0 only if absent after feature preparation,sequence-derived k-mer composition,False,False,
TCGAT,5-mer,continuous,relative frequency,Normalized relative frequency of the 5-mer TCGAT in the plasmid sequence.,0 only if absent after feature preparation,sequence-derived k-mer composition,False,False,
TCGCA,5-mer,continuous,relative frequency,Normalized relative frequency of the 5-mer TCGCA in the plasmid sequence.,0 only if absent after feature preparation,sequence-derived k-mer composition,False,False,
TCGCC,5-mer,continuous,relative frequency,Normalized relative frequency of the 5-mer TCGCC in the plasmid sequence.,0 only if absent after feature preparation,sequence-derived k-mer composition,False,False,
TCGCG,5-mer,continuous,relative frequency,Normalized relative frequency of the 5-mer TCGCG in the plasmid sequence.,0 only if absent after feature preparation,sequence-derived k-mer composition,False,False,
TCGCT,5-mer,continuous,relative frequency,Normalized relative frequency of the 5-mer TCGCT in the plasmid sequence.,0 only if absent after feature preparation,sequence-derived k-mer composition,False,False,
TCGGA,5-mer,continuous,relative frequency,Normalized relative frequency of the 5-mer TCGGA in the plasmid sequence.,0 only if absent after feature preparation,sequence-derived k-mer composition,False,False,
TCGGC,5-mer,continuous,relative frequency,Normalized relative frequency of the 5-mer TCGGC in the plasmid sequence.,0 only if absent after feature preparation,sequence-derived k-mer composition,False,False,
TCGGG,5-mer,continuous,relative frequency,Normalized relative frequency of the 5-mer TCGGG in the plasmid sequence.,0 only if absent after feature preparation,sequence-derived k-mer composition,False,False,
TCGGT,5-mer,continuous,relative frequency,Normalized relative frequency of the 5-mer TCGGT in the plasmid sequence.,0 only if absent after feature preparation,sequence-derived k-mer composition,False,False,
TCGTA,5-mer,continuous,relative frequency,Normalized relative frequency of the 5-mer TCGTA in the plasmid sequence.,0 only if absent after feature preparation,sequence-derived k-mer composition,False,False,
TCGTC,5-mer,continuous,relative frequency,Normalized relative frequency of the 5-mer TCGTC in the plasmid sequence.,0 only if absent after feature preparation,sequence-derived k-mer composition,False,False,
TCGTG,5-mer,continuous,relative frequency,Normalized relative frequency of the 5-mer TCGTG in the plasmid sequence.,0 only if absent after feature preparation,sequence-derived k-mer composition,False,False,
TCGTT,5-mer,continuous,relative frequency,Normalized relative frequency of the 5-mer TCGTT in the plasmid sequence.,0 only if absent after feature preparation,sequence-derived k-mer composition,False,False,
TCTAA,5-mer,continuous,relative frequency,Normalized relative frequency of the 5-mer TCTAA in the plasmid sequence.,0 only if absent after feature preparation,sequence-derived k-mer composition,False,False,
TCTAC,5-mer,continuous,relative frequency,Normalized relative frequency of the 5-mer TCTAC in the plasmid sequence.,0 only if absent after feature preparation,sequence-derived k-mer composition,False,False,
TCTAG,5-mer,continuous,relative frequency,Normalized relative frequency of the 5-mer TCTAG in the plasmid sequence.,0 only if absent after feature preparation,sequence-derived k-mer composition,False,False,
TCTAT,5-mer,continuous,relative frequency,Normalized relative frequency of the 5-mer TCTAT in the plasmid sequence.,0 only if absent after feature preparation,sequence-derived k-mer composition,False,False,
TCTCA,5-mer,continuous,relative frequency,Normalized relative frequency of the 5-mer TCTCA in the plasmid sequence.,0 only if absent after feature preparation,sequence-derived k-mer composition,False,False,
TCTCC,5-mer,continuous,relative frequency,Normalized relative frequency of the 5-mer TCTCC in the plasmid sequence.,0 only if absent after feature preparation,sequence-derived k-mer composition,False,False,
TCTCG,5-mer,continuous,relative frequency,Normalized relative frequency of the 5-mer TCTCG in the plasmid sequence.,0 only if absent after feature preparation,sequence-derived k-mer composition,False,False,
TCTCT,5-mer,continuous,relative frequency,Normalized relative frequency of the 5-mer TCTCT in the plasmid sequence.,0 only if absent after feature preparation,sequence-derived k-mer composition,False,False,
TCTGA,5-mer,continuous,relative frequency,Normalized relative frequency of the 5-mer TCTGA in the plasmid sequence.,0 only if absent after feature preparation,sequence-derived k-mer composition,False,False,
TCTGC,5-mer,continuous,relative frequency,Normalized relative frequency of the 5-mer TCTGC in the plasmid sequence.,0 only if absent after feature preparation,sequence-derived k-mer composition,False,False,
TCTGG,5-mer,continuous,relative frequency,Normalized relative frequency of the 5-mer TCTGG in the plasmid sequence.,0 only if absent after feature preparation,sequence-derived k-mer composition,False,False,
TCTGT,5-mer,continuous,relative frequency,Normalized relative frequency of the 5-mer TCTGT in the plasmid sequence.,0 only if absent after feature preparation,sequence-derived k-mer composition,False,False,
TCTTA,5-mer,continuous,relative frequency,Normalized relative frequency of the 5-mer TCTTA in the plasmid sequence.,0 only if absent after feature preparation,sequence-derived k-mer composition,False,False,
TCTTC,5-mer,continuous,relative frequency,Normalized relative frequency of the 5-mer TCTTC in the plasmid sequence.,0 only if absent after feature preparation,sequence-derived k-mer composition,False,False,
TCTTG,5-mer,continuous,relative frequency,Normalized relative frequency of the 5-mer TCTTG in the plasmid sequence.,0 only if absent after feature preparation,sequence-derived k-mer composition,False,False,
TCTTT,5-mer,continuous,relative frequency,Normalized relative frequency of the 5-mer TCTTT in the plasmid sequence.,0 only if absent after feature preparation,sequence-derived k-mer composition,False,False,
TGAAA,5-mer,continuous,relative frequency,Normalized relative frequency of the 5-mer TGAAA in the plasmid sequence.,0 only if absent after feature preparation,sequence-derived k-mer composition,False,False,
TGAAC,5-mer,continuous,relative frequency,Normalized relative frequency of the 5-mer TGAAC in the plasmid sequence.,0 only if absent after feature preparation,sequence-derived k-mer composition,False,False,
TGAAG,5-mer,continuous,relative frequency,Normalized relative frequency of the 5-mer TGAAG in the plasmid sequence.,0 only if absent after feature preparation,sequence-derived k-mer composition,False,False,
TGAAT,5-mer,continuous,relative frequency,Normalized relative frequency of the 5-mer TGAAT in the plasmid sequence.,0 only if absent after feature preparation,sequence-derived k-mer composition,False,False,
TGACA,5-mer,continuous,relative frequency,Normalized relative frequency of the 5-mer TGACA in the plasmid sequence.,0 only if absent after feature preparation,sequence-derived k-mer composition,False,False,
TGACC,5-mer,continuous,relative frequency,Normalized relative frequency of the 5-mer TGACC in the plasmid sequence.,0 only if absent after feature preparation,sequence-derived k-mer composition,False,False,
TGACG,5-mer,continuous,relative frequency,Normalized relative frequency of the 5-mer TGACG in the plasmid sequence.,0 only if absent after feature preparation,sequence-derived k-mer composition,False,False,
TGACT,5-mer,continuous,relative frequency,Normalized relative frequency of the 5-mer TGACT in the plasmid sequence.,0 only if absent after feature preparation,sequence-derived k-mer composition,False,False,
TGAGA,5-mer,continuous,relative frequency,Normalized relative frequency of the 5-mer TGAGA in the plasmid sequence.,0 only if absent after feature preparation,sequence-derived k-mer composition,False,False,
TGAGC,5-mer,continuous,relative frequency,Normalized relative frequency of the 5-mer TGAGC in the plasmid sequence.,0 only if absent after feature preparation,sequence-derived k-mer composition,False,False,
TGAGG,5-mer,continuous,relative frequency,Normalized relative frequency of the 5-mer TGAGG in the plasmid sequence.,0 only if absent after feature preparation,sequence-derived k-mer composition,False,False,
TGAGT,5-mer,continuous,relative frequency,Normalized relative frequency of the 5-mer TGAGT in the plasmid sequence.,0 only if absent after feature preparation,sequence-derived k-mer composition,False,False,
TGATA,5-mer,continuous,relative frequency,Normalized relative frequency of the 5-mer TGATA in the plasmid sequence.,0 only if absent after feature preparation,sequence-derived k-mer composition,False,False,
TGATC,5-mer,continuous,relative frequency,Normalized relative frequency of the 5-mer TGATC in the plasmid sequence.,0 only if absent after feature preparation,sequence-derived k-mer composition,False,False,
TGATG,5-mer,continuous,relative frequency,Normalized relative frequency of the 5-mer TGATG in the plasmid sequence.,0 only if absent after feature preparation,sequence-derived k-mer composition,False,False,
TGATT,5-mer,continuous,relative frequency,Normalized relative frequency of the 5-mer TGATT in the plasmid sequence.,0 only if absent after feature preparation,sequence-derived k-mer composition,False,False,
TGCAA,5-mer,continuous,relative frequency,Normalized relative frequency of the 5-mer TGCAA in the plasmid sequence.,0 only if absent after feature preparation,sequence-derived k-mer composition,False,False,
TGCAC,5-mer,continuous,relative frequency,Normalized relative frequency of the 5-mer TGCAC in the plasmid sequence.,0 only if absent after feature preparation,sequence-derived k-mer composition,False,False,
TGCAG,5-mer,continuous,relative frequency,Normalized relative frequency of the 5-mer TGCAG in the plasmid sequence.,0 only if absent after feature preparation,sequence-derived k-mer composition,False,False,
TGCAT,5-mer,continuous,relative frequency,Normalized relative frequency of the 5-mer TGCAT in the plasmid sequence.,0 only if absent after feature preparation,sequence-derived k-mer composition,False,False,
TGCCA,5-mer,continuous,relative frequency,Normalized relative frequency of the 5-mer TGCCA in the plasmid sequence.,0 only if absent after feature preparation,sequence-derived k-mer composition,False,False,
TGCCC,5-mer,continuous,relative frequency,Normalized relative frequency of the 5-mer TGCCC in the plasmid sequence.,0 only if absent after feature preparation,sequence-derived k-mer composition,False,False,
TGCCG,5-mer,continuous,relative frequency,Normalized relative frequency of the 5-mer TGCCG in the plasmid sequence.,0 only if absent after feature preparation,sequence-derived k-mer composition,False,False,
TGCCT,5-mer,continuous,relative frequency,Normalized relative frequency of the 5-mer TGCCT in the plasmid sequence.,0 only if absent after feature preparation,sequence-derived k-mer composition,False,False,
TGCGA,5-mer,continuous,relative frequency,Normalized relative frequency of the 5-mer TGCGA in the plasmid sequence.,0 only if absent after feature preparation,sequence-derived k-mer composition,False,False,
TGCGC,5-mer,continuous,relative frequency,Normalized relative frequency of the 5-mer TGCGC in the plasmid sequence.,0 only if absent after feature preparation,sequence-derived k-mer composition,False,False,
TGCGG,5-mer,continuous,relative frequency,Normalized relative frequency of the 5-mer TGCGG in the plasmid sequence.,0 only if absent after feature preparation,sequence-derived k-mer composition,False,False,
TGCGT,5-mer,continuous,relative frequency,Normalized relative frequency of the 5-mer TGCGT in the plasmid sequence.,0 only if absent after feature preparation,sequence-derived k-mer composition,False,False,
TGCTA,5-mer,continuous,relative frequency,Normalized relative frequency of the 5-mer TGCTA in the plasmid sequence.,0 only if absent after feature preparation,sequence-derived k-mer composition,False,False,
TGCTC,5-mer,continuous,relative frequency,Normalized relative frequency of the 5-mer TGCTC in the plasmid sequence.,0 only if absent after feature preparation,sequence-derived k-mer composition,False,False,
TGCTG,5-mer,continuous,relative frequency,Normalized relative frequency of the 5-mer TGCTG in the plasmid sequence.,0 only if absent after feature preparation,sequence-derived k-mer composition,False,False,
TGCTT,5-mer,continuous,relative frequency,Normalized relative frequency of the 5-mer TGCTT in the plasmid sequence.,0 only if absent after feature preparation,sequence-derived k-mer composition,False,False,
TGGAA,5-mer,continuous,relative frequency,Normalized relative frequency of the 5-mer TGGAA in the plasmid sequence.,0 only if absent after feature preparation,sequence-derived k-mer composition,False,False,
TGGAC,5-mer,continuous,relative frequency,Normalized relative frequency of the 5-mer TGGAC in the plasmid sequence.,0 only if absent after feature preparation,sequence-derived k-mer composition,False,False,
TGGAG,5-mer,continuous,relative frequency,Normalized relative frequency of the 5-mer TGGAG in the plasmid sequence.,0 only if absent after feature preparation,sequence-derived k-mer composition,False,False,
TGGAT,5-mer,continuous,relative frequency,Normalized relative frequency of the 5-mer TGGAT in the plasmid sequence.,0 only if absent after feature preparation,sequence-derived k-mer composition,False,False,
TGGCA,5-mer,continuous,relative frequency,Normalized relative frequency of the 5-mer TGGCA in the plasmid sequence.,0 only if absent after feature preparation,sequence-derived k-mer composition,False,False,
TGGCC,5-mer,continuous,relative frequency,Normalized relative frequency of the 5-mer TGGCC in the plasmid sequence.,0 only if absent after feature preparation,sequence-derived k-mer composition,False,False,
TGGCG,5-mer,continuous,relative frequency,Normalized relative frequency of the 5-mer TGGCG in the plasmid sequence.,0 only if absent after feature preparation,sequence-derived k-mer composition,False,False,
TGGCT,5-mer,continuous,relative frequency,Normalized relative frequency of the 5-mer TGGCT in the plasmid sequence.,0 only if absent after feature preparation,sequence-derived k-mer composition,False,False,
TGGGA,5-mer,continuous,relative frequency,Normalized relative frequency of the 5-mer TGGGA in the plasmid sequence.,0 only if absent after feature preparation,sequence-derived k-mer composition,False,False,
TGGGC,5-mer,continuous,relative frequency,Normalized relative frequency of the 5-mer TGGGC in the plasmid sequence.,0 only if absent after feature preparation,sequence-derived k-mer composition,False,False,
TGGGG,5-mer,continuous,relative frequency,Normalized relative frequency of the 5-mer TGGGG in the plasmid sequence.,0 only if absent after feature preparation,sequence-derived k-mer composition,False,False,
TGGGT,5-mer,continuous,relative frequency,Normalized relative frequency of the 5-mer TGGGT in the plasmid sequence.,0 only if absent after feature preparation,sequence-derived k-mer composition,False,False,
TGGTA,5-mer,continuous,relative frequency,Normalized relative frequency of the 5-mer TGGTA in the plasmid sequence.,0 only if absent after feature preparation,sequence-derived k-mer composition,False,False,
TGGTC,5-mer,continuous,relative frequency,Normalized relative frequency of the 5-mer TGGTC in the plasmid sequence.,0 only if absent after feature preparation,sequence-derived k-mer composition,False,False,
TGGTG,5-mer,continuous,relative frequency,Normalized relative frequency of the 5-mer TGGTG in the plasmid sequence.,0 only if absent after feature preparation,sequence-derived k-mer composition,False,False,
TGGTT,5-mer,continuous,relative frequency,Normalized relative frequency of the 5-mer TGGTT in the plasmid sequence.,0 only if absent after feature preparation,sequence-derived k-mer composition,False,False,
TGTAA,5-mer,continuous,relative frequency,Normalized relative frequency of the 5-mer TGTAA in the plasmid sequence.,0 only if absent after feature preparation,sequence-derived k-mer composition,False,False,
TGTAC,5-mer,continuous,relative frequency,Normalized relative frequency of the 5-mer TGTAC in the plasmid sequence.,0 only if absent after feature preparation,sequence-derived k-mer composition,False,False,
TGTAG,5-mer,continuous,relative frequency,Normalized relative frequency of the 5-mer TGTAG in the plasmid sequence.,0 only if absent after feature preparation,sequence-derived k-mer composition,False,False,
TGTAT,5-mer,continuous,relative frequency,Normalized relative frequency of the 5-mer TGTAT in the plasmid sequence.,0 only if absent after feature preparation,sequence-derived k-mer composition,False,False,
TGTCA,5-mer,continuous,relative frequency,Normalized relative frequency of the 5-mer TGTCA in the plasmid sequence.,0 only if absent after feature preparation,sequence-derived k-mer composition,False,False,
TGTCC,5-mer,continuous,relative frequency,Normalized relative frequency of the 5-mer TGTCC in the plasmid sequence.,0 only if absent after feature preparation,sequence-derived k-mer composition,False,False,
TGTCG,5-mer,continuous,relative frequency,Normalized relative frequency of the 5-mer TGTCG in the plasmid sequence.,0 only if absent after feature preparation,sequence-derived k-mer composition,False,False,
TGTCT,5-mer,continuous,relative frequency,Normalized relative frequency of the 5-mer TGTCT in the plasmid sequence.,0 only if absent after feature preparation,sequence-derived k-mer composition,False,False,
TGTGA,5-mer,continuous,relative frequency,Normalized relative frequency of the 5-mer TGTGA in the plasmid sequence.,0 only if absent after feature preparation,sequence-derived k-mer composition,False,False,
TGTGC,5-mer,continuous,relative frequency,Normalized relative frequency of the 5-mer TGTGC in the plasmid sequence.,0 only if absent after feature preparation,sequence-derived k-mer composition,False,False,
TGTGG,5-mer,continuous,relative frequency,Normalized relative frequency of the 5-mer TGTGG in the plasmid sequence.,0 only if absent after feature preparation,sequence-derived k-mer composition,False,False,
TGTGT,5-mer,continuous,relative frequency,Normalized relative frequency of the 5-mer TGTGT in the plasmid sequence.,0 only if absent after feature preparation,sequence-derived k-mer composition,False,False,
TGTTA,5-mer,continuous,relative frequency,Normalized relative frequency of the 5-mer TGTTA in the plasmid sequence.,0 only if absent after feature preparation,sequence-derived k-mer composition,False,False,
TGTTC,5-mer,continuous,relative frequency,Normalized relative frequency of the 5-mer TGTTC in the plasmid sequence.,0 only if absent after feature preparation,sequence-derived k-mer composition,False,False,
TGTTG,5-mer,continuous,relative frequency,Normalized relative frequency of the 5-mer TGTTG in the plasmid sequence.,0 only if absent after feature preparation,sequence-derived k-mer composition,False,False,
TGTTT,5-mer,continuous,relative frequency,Normalized relative frequency of the 5-mer TGTTT in the plasmid sequence.,0 only if absent after feature preparation,sequence-derived k-mer composition,False,False,
TTAAA,5-mer,continuous,relative frequency,Normalized relative frequency of the 5-mer TTAAA in the plasmid sequence.,0 only if absent after feature preparation,sequence-derived k-mer composition,False,False,
TTAAC,5-mer,continuous,relative frequency,Normalized relative frequency of the 5-mer TTAAC in the plasmid sequence.,0 only if absent after feature preparation,sequence-derived k-mer composition,False,False,
TTAAG,5-mer,continuous,relative frequency,Normalized relative frequency of the 5-mer TTAAG in the plasmid sequence.,0 only if absent after feature preparation,sequence-derived k-mer composition,False,False,
TTAAT,5-mer,continuous,relative frequency,Normalized relative frequency of the 5-mer TTAAT in the plasmid sequence.,0 only if absent after feature preparation,sequence-derived k-mer composition,False,False,
TTACA,5-mer,continuous,relative frequency,Normalized relative frequency of the 5-mer TTACA in the plasmid sequence.,0 only if absent after feature preparation,sequence-derived k-mer composition,False,False,
TTACC,5-mer,continuous,relative frequency,Normalized relative frequency of the 5-mer TTACC in the plasmid sequence.,0 only if absent after feature preparation,sequence-derived k-mer composition,False,False,
TTACG,5-mer,continuous,relative frequency,Normalized relative frequency of the 5-mer TTACG in the plasmid sequence.,0 only if absent after feature preparation,sequence-derived k-mer composition,False,False,
TTACT,5-mer,continuous,relative frequency,Normalized relative frequency of the 5-mer TTACT in the plasmid sequence.,0 only if absent after feature preparation,sequence-derived k-mer composition,False,False,
TTAGA,5-mer,continuous,relative frequency,Normalized relative frequency of the 5-mer TTAGA in the plasmid sequence.,0 only if absent after feature preparation,sequence-derived k-mer composition,False,False,
TTAGC,5-mer,continuous,relative frequency,Normalized relative frequency of the 5-mer TTAGC in the plasmid sequence.,0 only if absent after feature preparation,sequence-derived k-mer composition,False,False,
TTAGG,5-mer,continuous,relative frequency,Normalized relative frequency of the 5-mer TTAGG in the plasmid sequence.,0 only if absent after feature preparation,sequence-derived k-mer composition,False,False,
TTAGT,5-mer,continuous,relative frequency,Normalized relative frequency of the 5-mer TTAGT in the plasmid sequence.,0 only if absent after feature preparation,sequence-derived k-mer composition,False,False,
TTATA,5-mer,continuous,relative frequency,Normalized relative frequency of the 5-mer TTATA in the plasmid sequence.,0 only if absent after feature preparation,sequence-derived k-mer composition,False,False,
TTATC,5-mer,continuous,relative frequency,Normalized relative frequency of the 5-mer TTATC in the plasmid sequence.,0 only if absent after feature preparation,sequence-derived k-mer composition,False,False,
TTATG,5-mer,continuous,relative frequency,Normalized relative frequency of the 5-mer TTATG in the plasmid sequence.,0 only if absent after feature preparation,sequence-derived k-mer composition,False,False,
TTATT,5-mer,continuous,relative frequency,Normalized relative frequency of the 5-mer TTATT in the plasmid sequence.,0 only if absent after feature preparation,sequence-derived k-mer composition,False,False,
TTCAA,5-mer,continuous,relative frequency,Normalized relative frequency of the 5-mer TTCAA in the plasmid sequence.,0 only if absent after feature preparation,sequence-derived k-mer composition,False,False,
TTCAC,5-mer,continuous,relative frequency,Normalized relative frequency of the 5-mer TTCAC in the plasmid sequence.,0 only if absent after feature preparation,sequence-derived k-mer composition,False,False,
TTCAG,5-mer,continuous,relative frequency,Normalized relative frequency of the 5-mer TTCAG in the plasmid sequence.,0 only if absent after feature preparation,sequence-derived k-mer composition,False,False,
TTCAT,5-mer,continuous,relative frequency,Normalized relative frequency of the 5-mer TTCAT in the plasmid sequence.,0 only if absent after feature preparation,sequence-derived k-mer composition,False,False,
TTCCA,5-mer,continuous,relative frequency,Normalized relative frequency of the 5-mer TTCCA in the plasmid sequence.,0 only if absent after feature preparation,sequence-derived k-mer composition,False,False,
TTCCC,5-mer,continuous,relative frequency,Normalized relative frequency of the 5-mer TTCCC in the plasmid sequence.,0 only if absent after feature preparation,sequence-derived k-mer composition,False,False,
TTCCG,5-mer,continuous,relative frequency,Normalized relative frequency of the 5-mer TTCCG in the plasmid sequence.,0 only if absent after feature preparation,sequence-derived k-mer composition,False,False,
TTCCT,5-mer,continuous,relative frequency,Normalized relative frequency of the 5-mer TTCCT in the plasmid sequence.,0 only if absent after feature preparation,sequence-derived k-mer composition,False,False,
TTCGA,5-mer,continuous,relative frequency,Normalized relative frequency of the 5-mer TTCGA in the plasmid sequence.,0 only if absent after feature preparation,sequence-derived k-mer composition,False,False,
TTCGC,5-mer,continuous,relative frequency,Normalized relative frequency of the 5-mer TTCGC in the plasmid sequence.,0 only if absent after feature preparation,sequence-derived k-mer composition,False,False,
TTCGG,5-mer,continuous,relative frequency,Normalized relative frequency of the 5-mer TTCGG in the plasmid sequence.,0 only if absent after feature preparation,sequence-derived k-mer composition,False,False,
TTCGT,5-mer,continuous,relative frequency,Normalized relative frequency of the 5-mer TTCGT in the plasmid sequence.,0 only if absent after feature preparation,sequence-derived k-mer composition,False,False,
TTCTA,5-mer,continuous,relative frequency,Normalized relative frequency of the 5-mer TTCTA in the plasmid sequence.,0 only if absent after feature preparation,sequence-derived k-mer composition,False,False,
TTCTC,5-mer,continuous,relative frequency,Normalized relative frequency of the 5-mer TTCTC in the plasmid sequence.,0 only if absent after feature preparation,sequence-derived k-mer composition,False,False,
TTCTG,5-mer,continuous,relative frequency,Normalized relative frequency of the 5-mer TTCTG in the plasmid sequence.,0 only if absent after feature preparation,sequence-derived k-mer composition,False,False,
TTCTT,5-mer,continuous,relative frequency,Normalized relative frequency of the 5-mer TTCTT in the plasmid sequence.,0 only if absent after feature preparation,sequence-derived k-mer composition,False,False,
TTGAA,5-mer,continuous,relative frequency,Normalized relative frequency of the 5-mer TTGAA in the plasmid sequence.,0 only if absent after feature preparation,sequence-derived k-mer composition,False,False,
TTGAC,5-mer,continuous,relative frequency,Normalized relative frequency of the 5-mer TTGAC in the plasmid sequence.,0 only if absent after feature preparation,sequence-derived k-mer composition,False,False,
TTGAG,5-mer,continuous,relative frequency,Normalized relative frequency of the 5-mer TTGAG in the plasmid sequence.,0 only if absent after feature preparation,sequence-derived k-mer composition,False,False,
TTGAT,5-mer,continuous,relative frequency,Normalized relative frequency of the 5-mer TTGAT in the plasmid sequence.,0 only if absent after feature preparation,sequence-derived k-mer composition,False,False,
TTGCA,5-mer,continuous,relative frequency,Normalized relative frequency of the 5-mer TTGCA in the plasmid sequence.,0 only if absent after feature preparation,sequence-derived k-mer composition,False,False,
TTGCC,5-mer,continuous,relative frequency,Normalized relative frequency of the 5-mer TTGCC in the plasmid sequence.,0 only if absent after feature preparation,sequence-derived k-mer composition,False,False,
TTGCG,5-mer,continuous,relative frequency,Normalized relative frequency of the 5-mer TTGCG in the plasmid sequence.,0 only if absent after feature preparation,sequence-derived k-mer composition,False,False,
TTGCT,5-mer,continuous,relative frequency,Normalized relative frequency of the 5-mer TTGCT in the plasmid sequence.,0 only if absent after feature preparation,sequence-derived k-mer composition,False,False,
TTGGA,5-mer,continuous,relative frequency,Normalized relative frequency of the 5-mer TTGGA in the plasmid sequence.,0 only if absent after feature preparation,sequence-derived k-mer composition,False,False,
TTGGC,5-mer,continuous,relative frequency,Normalized relative frequency of the 5-mer TTGGC in the plasmid sequence.,0 only if absent after feature preparation,sequence-derived k-mer composition,False,False,
TTGGG,5-mer,continuous,relative frequency,Normalized relative frequency of the 5-mer TTGGG in the plasmid sequence.,0 only if absent after feature preparation,sequence-derived k-mer composition,False,False,
TTGGT,5-mer,continuous,relative frequency,Normalized relative frequency of the 5-mer TTGGT in the plasmid sequence.,0 only if absent after feature preparation,sequence-derived k-mer composition,False,False,
TTGTA,5-mer,continuous,relative frequency,Normalized relative frequency of the 5-mer TTGTA in the plasmid sequence.,0 only if absent after feature preparation,sequence-derived k-mer composition,False,False,
TTGTC,5-mer,continuous,relative frequency,Normalized relative frequency of the 5-mer TTGTC in the plasmid sequence.,0 only if absent after feature preparation,sequence-derived k-mer composition,False,False,
TTGTG,5-mer,continuous,relative frequency,Normalized relative frequency of the 5-mer TTGTG in the plasmid sequence.,0 only if absent after feature preparation,sequence-derived k-mer composition,False,False,
TTGTT,5-mer,continuous,relative frequency,Normalized relative frequency of the 5-mer TTGTT in the plasmid sequence.,0 only if absent after feature preparation,sequence-derived k-mer composition,False,False,
TTTAA,5-mer,continuous,relative frequency,Normalized relative frequency of the 5-mer TTTAA in the plasmid sequence.,0 only if absent after feature preparation,sequence-derived k-mer composition,False,False,
TTTAC,5-mer,continuous,relative frequency,Normalized relative frequency of the 5-mer TTTAC in the plasmid sequence.,0 only if absent after feature preparation,sequence-derived k-mer composition,False,False,
TTTAG,5-mer,continuous,relative frequency,Normalized relative frequency of the 5-mer TTTAG in the plasmid sequence.,0 only if absent after feature preparation,sequence-derived k-mer composition,False,False,
TTTAT,5-mer,continuous,relative frequency,Normalized relative frequency of the 5-mer TTTAT in the plasmid sequence.,0 only if absent after feature preparation,sequence-derived k-mer composition,False,False,
TTTCA,5-mer,continuous,relative frequency,Normalized relative frequency of the 5-mer TTTCA in the plasmid sequence.,0 only if absent after feature preparation,sequence-derived k-mer composition,False,False,
TTTCC,5-mer,continuous,relative frequency,Normalized relative frequency of the 5-mer TTTCC in the plasmid sequence.,0 only if absent after feature preparation,sequence-derived k-mer composition,False,False,
TTTCG,5-mer,continuous,relative frequency,Normalized relative frequency of the 5-mer TTTCG in the plasmid sequence.,0 only if absent after feature preparation,sequence-derived k-mer composition,False,False,
TTTCT,5-mer,continuous,relative frequency,Normalized relative frequency of the 5-mer TTTCT in the plasmid sequence.,0 only if absent after feature preparation,sequence-derived k-mer composition,False,False,
TTTGA,5-mer,continuous,relative frequency,Normalized relative frequency of the 5-mer TTTGA in the plasmid sequence.,0 only if absent after feature preparation,sequence-derived k-mer composition,False,False,
TTTGC,5-mer,continuous,relative frequency,Normalized relative frequency of the 5-mer TTTGC in the plasmid sequence.,0 only if absent after feature preparation,sequence-derived k-mer composition,False,False,
TTTGG,5-mer,continuous,relative frequency,Normalized relative frequency of the 5-mer TTTGG in the plasmid sequence.,0 only if absent after feature preparation,sequence-derived k-mer composition,False,False,
TTTGT,5-mer,continuous,relative frequency,Normalized relative frequency of the 5-mer TTTGT in the plasmid sequence.,0 only if absent after feature preparation,sequence-derived k-mer composition,False,False,
TTTTA,5-mer,continuous,relative frequency,Normalized relative frequency of the 5-mer TTTTA in the plasmid sequence.,0 only if absent after feature preparation,sequence-derived k-mer composition,False,False,
TTTTC,5-mer,continuous,relative frequency,Normalized relative frequency of the 5-mer TTTTC in the plasmid sequence.,0 only if absent after feature preparation,sequence-derived k-mer composition,False,False,
TTTTG,5-mer,continuous,relative frequency,Normalized relative frequency of the 5-mer TTTTG in the plasmid sequence.,0 only if absent after feature preparation,sequence-derived k-mer composition,False,False,
TTTTT,5-mer,continuous,relative frequency,Normalized relative frequency of the 5-mer TTTTT in the plasmid sequence.,0 only if absent after feature preparation,sequence-derived k-mer composition,False,False,
topology_binary,basic biological,binary,0/1,Binary encoding of plasmid topology used in the prepared feature table.,0 if not annotated as the positive topology class,database metadata,True,False,14
mobility,basic biological,binary,0/1,Prepared binary mobility-class indicator.,0 for the negative class,mobility annotation,True,False,15
tra_cluster_completeness,basic biological,continuous,0-1,Maximum CONJscan system-wholeness score for the conjugation-associated gene cluster.,0 if no system detected,CONJscan,True,False,16
cross_genus_transfer,outcome,binary,0/1,Final potential cross-genus transfer-risk label derived from Mash similarity and host-genus difference.,not imputed,derived label,False,False,
plasmid_id_with_version,identifier,string,not applicable,External-table plasmid identifier including accession version.,not imputed,RefSeq metadata,False,False,
